<?xml version="1.0" encoding="UTF-8"?><gpx creator="Wikiloc - https://www.wikiloc.com" version="1.1" xmlns="http://www.topografix.com/GPX/1/1" xmlns:xsi="http://www.w3.org/2001/XMLSchema-instance" xsi:schemaLocation="http://www.topografix.com/GPX/1/1 http://www.topografix.com/GPX/1/1/gpx.xsd"><metadata><name>Wikiloc - Giir di Mont 32 Km</name><author><name>Giir di Mont</name><link href="https://www.wikiloc.com/wikiloc/user.do?id=15936581"><text>Giir di Mont on Wikiloc</text></link></author><link href="https://www.wikiloc.com/running-trails/giir-di-mont-32-km-178118408"><text>Giir di Mont 32 Km on Wikiloc</text></link><time>2024-07-21T11:01:12.415Z</time></metadata><wpt lat="46.053108" lon="9.420741"><ele>960.5</ele><time>2024-07-21T11:01:12.415Z</time><name>Partenza - 0 km | Starting line - 0 km</name><cmt></cmt><desc></desc></wpt><wpt lat="46.052978" lon="9.420907"><ele>958.4</ele><time>2024-07-21T11:01:12.415Z</time><name>Arrivo - 32 km | Finish line - 32 km | Tempo massimo 7h00' |...</name><cmt></cmt><desc></desc></wpt><wpt lat="46.042958" lon="9.446078"><ele>1542.8</ele><time>2024-07-21T11:01:12.415Z</time><name>Alpe Chiarino - 4 km | Primo tempo intermedio | First interi...</name><cmt></cmt><desc></desc></wpt><wpt lat="46.041193" lon="9.466374"><ele>1196.1</ele><time>2024-07-21T11:01:12.415Z</time><name>Alpe Vegessa 9 km | Primo cancello orario/time gate 2h15' | ...</name><cmt></cmt><desc></desc></wpt><wpt lat="46.044809" lon="9.492315"><ele>2070.3</ele><time>2024-07-21T11:01:12.415Z</time><name>Bocchetta Larec - 14,5 km | Terzo intermedio | 3rd interim t...</name><cmt></cmt><desc></desc></wpt><wpt lat="46.054928" lon="9.464670"><ele>1090.8</ele><time>2024-07-21T11:01:12.415Z</time><name>Alpe Rasga - 19 Km | Quarto tempo intermedio | 4th interim t...</name><cmt></cmt><desc></desc></wpt><wpt lat="46.060895" lon="9.425510"><ele>1601.8</ele><time>2024-07-21T11:01:12.415Z</time><name>Alpe Solino - 25 km | Secondo cancello orario 5h15' | Second...</name><cmt></cmt><desc></desc></wpt><wpt lat="46.077481" lon="9.429869"><ele>1658.9</ele><time>2024-07-21T11:01:12.415Z</time><name>Alpe Deleguaggio - 27,5 km | Quinto tempo intermedio | 5th i...</name><cmt></cmt><desc></desc></wpt><trk><name>Giir di Mont 32 Km - Wikiloc</name><cmt></cmt><desc></desc><trkseg><trkpt lat="46.053071" lon="9.420745"><ele>959.021</ele><time>2026-03-31T13:04:02.969938581Z</time></trkpt><trkpt lat="46.054049" lon="9.417976"><ele>943.041</ele><time>2026-03-31T13:04:22.969942378Z</time></trkpt><trkpt lat="46.054076" lon="9.417748"><ele>938.805</ele><time>2026-03-31T13:04:42.969945374Z</time></trkpt><trkpt lat="46.053976" lon="9.417823"><ele>935.309</ele><time>2026-03-31T13:05:02.969948149Z</time></trkpt><trkpt lat="46.053838" lon="9.418037"><ele>932.283</ele><time>2026-03-31T13:05:22.969951165Z</time></trkpt><trkpt lat="46.053711" lon="9.418236"><ele>932.189</ele><time>2026-03-31T13:05:42.969953479Z</time></trkpt><trkpt lat="46.053600" lon="9.418482"><ele>933.240</ele><time>2026-03-31T13:06:02.969955914Z</time></trkpt><trkpt lat="46.053513" lon="9.418753"><ele>934.783</ele><time>2026-03-31T13:06:22.969958238Z</time></trkpt><trkpt lat="46.053410" lon="9.418965"><ele>934.773</ele><time>2026-03-31T13:06:42.969960583Z</time></trkpt><trkpt lat="46.053291" lon="9.419209"><ele>935.260</ele><time>2026-03-31T13:07:02.969962867Z</time></trkpt><trkpt lat="46.053106" lon="9.419555"><ele>934.896</ele><time>2026-03-31T13:07:22.969965131Z</time></trkpt><trkpt lat="46.052945" lon="9.419823"><ele>934.162</ele><time>2026-03-31T13:07:42.973124703Z</time></trkpt><trkpt lat="46.052828" lon="9.420018"><ele>933.660</ele><time>2026-03-31T13:08:02.973128711Z</time></trkpt><trkpt lat="46.052690" lon="9.420280"><ele>933.986</ele><time>2026-03-31T13:08:22.973131817Z</time></trkpt><trkpt lat="46.052610" lon="9.420453"><ele>934.160</ele><time>2026-03-31T13:08:42.973134522Z</time></trkpt><trkpt lat="46.052578" lon="9.420558"><ele>935.126</ele><time>2026-03-31T13:09:02.973137277Z</time></trkpt><trkpt lat="46.052439" lon="9.420690"><ele>932.409</ele><time>2026-03-31T13:09:22.973139721Z</time></trkpt><trkpt lat="46.052226" lon="9.420791"><ele>925.019</ele><time>2026-03-31T13:09:42.973142176Z</time></trkpt><trkpt lat="46.052097" lon="9.420987"><ele>925.855</ele><time>2026-03-31T13:10:02.973144490Z</time></trkpt><trkpt lat="46.052049" lon="9.421142"><ele>928.386</ele><time>2026-03-31T13:10:22.973146895Z</time></trkpt><trkpt lat="46.051975" lon="9.421253"><ele>929.179</ele><time>2026-03-31T13:10:42.973149229Z</time></trkpt><trkpt lat="46.051906" lon="9.421390"><ele>930.489</ele><time>2026-03-31T13:11:02.973151483Z</time></trkpt><trkpt lat="46.051828" lon="9.421511"><ele>930.096</ele><time>2026-03-31T13:11:22.973153868Z</time></trkpt><trkpt lat="46.051729" lon="9.421621"><ele>929.092</ele><time>2026-03-31T13:11:42.973156152Z</time></trkpt><trkpt lat="46.051597" lon="9.421715"><ele>926.388</ele><time>2026-03-31T13:12:02.973158396Z</time></trkpt><trkpt lat="46.051480" lon="9.421873"><ele>925.696</ele><time>2026-03-31T13:12:22.973160781Z</time></trkpt><trkpt lat="46.051371" lon="9.422046"><ele>926.389</ele><time>2026-03-31T13:12:42.973163125Z</time></trkpt><trkpt lat="46.051278" lon="9.422148"><ele>925.906</ele><time>2026-03-31T13:13:02.973165510Z</time></trkpt><trkpt lat="46.051162" lon="9.422333"><ele>926.326</ele><time>2026-03-31T13:13:22.973167804Z</time></trkpt><trkpt lat="46.051077" lon="9.422531"><ele>927.509</ele><time>2026-03-31T13:13:42.973170038Z</time></trkpt><trkpt lat="46.051023" lon="9.422676"><ele>929.139</ele><time>2026-03-31T13:14:02.973172252Z</time></trkpt><trkpt lat="46.050947" lon="9.422861"><ele>930.245</ele><time>2026-03-31T13:14:22.973174416Z</time></trkpt><trkpt lat="46.050899" lon="9.422939"><ele>929.886</ele><time>2026-03-31T13:14:42.973177863Z</time></trkpt><trkpt lat="46.050847" lon="9.423105"><ele>930.749</ele><time>2026-03-31T13:15:02.973181550Z</time></trkpt><trkpt lat="46.050806" lon="9.423164"><ele>930.029</ele><time>2026-03-31T13:15:22.973184916Z</time></trkpt><trkpt lat="46.050804" lon="9.423239"><ele>931.516</ele><time>2026-03-31T13:15:42.973188463Z</time></trkpt><trkpt lat="46.050824" lon="9.423343"><ele>934.792</ele><time>2026-03-31T13:16:02.973192330Z</time></trkpt><trkpt lat="46.050846" lon="9.423504"><ele>939.188</ele><time>2026-03-31T13:16:22.973196037Z</time></trkpt><trkpt lat="46.050839" lon="9.423633"><ele>941.496</ele><time>2026-03-31T13:16:42.973199914Z</time></trkpt><trkpt lat="46.050709" lon="9.423663"><ele>934.846</ele><time>2026-03-31T13:17:02.973203932Z</time></trkpt><trkpt lat="46.050683" lon="9.423687"><ele>933.988</ele><time>2026-03-31T13:17:22.973207618Z</time></trkpt><trkpt lat="46.050668" lon="9.423775"><ele>935.016</ele><time>2026-03-31T13:17:42.973211436Z</time></trkpt><trkpt lat="46.050668" lon="9.423837"><ele>936.309</ele><time>2026-03-31T13:18:02.973214321Z</time></trkpt><trkpt lat="46.050664" lon="9.423866"><ele>936.895</ele><time>2026-03-31T13:18:22.973216565Z</time></trkpt><trkpt lat="46.050627" lon="9.423882"><ele>935.731</ele><time>2026-03-31T13:18:42.973219120Z</time></trkpt><trkpt lat="46.050569" lon="9.423907"><ele>933.982</ele><time>2026-03-31T13:19:02.973222236Z</time></trkpt><trkpt lat="46.050538" lon="9.423941"><ele>932.975</ele><time>2026-03-31T13:19:22.973224480Z</time></trkpt><trkpt lat="46.050495" lon="9.424000"><ele>931.365</ele><time>2026-03-31T13:19:42.973226794Z</time></trkpt><trkpt lat="46.050450" lon="9.424065"><ele>929.672</ele><time>2026-03-31T13:20:02.973229079Z</time></trkpt><trkpt lat="46.050417" lon="9.424135"><ele>928.678</ele><time>2026-03-31T13:20:22.973231353Z</time></trkpt><trkpt lat="46.050415" lon="9.424218"><ele>929.634</ele><time>2026-03-31T13:20:42.973233577Z</time></trkpt><trkpt lat="46.050426" lon="9.424312"><ele>931.672</ele><time>2026-03-31T13:21:02.973235791Z</time></trkpt><trkpt lat="46.050426" lon="9.424392"><ele>932.724</ele><time>2026-03-31T13:21:22.973238075Z</time></trkpt><trkpt lat="46.050413" lon="9.424438"><ele>932.704</ele><time>2026-03-31T13:21:42.973240270Z</time></trkpt><trkpt lat="46.050391" lon="9.424454"><ele>931.914</ele><time>2026-03-31T13:22:02.973243295Z</time></trkpt><trkpt lat="46.050343" lon="9.424440"><ele>929.209</ele><time>2026-03-31T13:22:22.973264244Z</time></trkpt><trkpt lat="46.050300" lon="9.424440"><ele>927.033</ele><time>2026-03-31T13:22:42.973268242Z</time></trkpt><trkpt lat="46.050227" lon="9.424430"><ele>923.879</ele><time>2026-03-31T13:23:02.973272149Z</time></trkpt><trkpt lat="46.050166" lon="9.424419"><ele>921.430</ele><time>2026-03-31T13:23:22.973275145Z</time></trkpt><trkpt lat="46.050097" lon="9.424376"><ele>917.763</ele><time>2026-03-31T13:23:42.973277399Z</time></trkpt><trkpt lat="46.050043" lon="9.424349"><ele>914.983</ele><time>2026-03-31T13:24:02.973279583Z</time></trkpt><trkpt lat="46.049988" lon="9.424336"><ele>912.230</ele><time>2026-03-31T13:24:22.973281747Z</time></trkpt><trkpt lat="46.049939" lon="9.424341"><ele>909.766</ele><time>2026-03-31T13:24:42.973283901Z</time></trkpt><trkpt lat="46.049906" lon="9.424390"><ele>909.462</ele><time>2026-03-31T13:25:02.973286035Z</time></trkpt><trkpt lat="46.049844" lon="9.424532"><ele>908.670</ele><time>2026-03-31T13:25:22.973288259Z</time></trkpt><trkpt lat="46.049785" lon="9.424634"><ele>906.235</ele><time>2026-03-31T13:25:42.973290554Z</time></trkpt><trkpt lat="46.049738" lon="9.424736"><ele>904.286</ele><time>2026-03-31T13:26:02.973292758Z</time></trkpt><trkpt lat="46.049705" lon="9.424814"><ele>902.914</ele><time>2026-03-31T13:26:22.973294992Z</time></trkpt><trkpt lat="46.049655" lon="9.424932"><ele>900.909</ele><time>2026-03-31T13:26:42.973297176Z</time></trkpt><trkpt lat="46.049616" lon="9.425047"><ele>899.584</ele><time>2026-03-31T13:27:02.973299390Z</time></trkpt><trkpt lat="46.049601" lon="9.425090"><ele>898.930</ele><time>2026-03-31T13:27:22.973301614Z</time></trkpt><trkpt lat="46.049594" lon="9.425102"><ele>898.611</ele><time>2026-03-31T13:27:42.973303798Z</time></trkpt><trkpt lat="46.049589" lon="9.425046"><ele>897.844</ele><time>2026-03-31T13:28:02.973305942Z</time></trkpt><trkpt lat="46.049583" lon="9.425008"><ele>897.184</ele><time>2026-03-31T13:28:22.973308107Z</time></trkpt><trkpt lat="46.049576" lon="9.424998"><ele>896.581</ele><time>2026-03-31T13:28:42.973311563Z</time></trkpt><trkpt lat="46.049564" lon="9.425027"><ele>896.047</ele><time>2026-03-31T13:29:02.973313777Z</time></trkpt><trkpt lat="46.049551" lon="9.425067"><ele>895.553</ele><time>2026-03-31T13:29:22.973316021Z</time></trkpt><trkpt lat="46.049533" lon="9.425070"><ele>894.441</ele><time>2026-03-31T13:29:42.973318185Z</time></trkpt><trkpt lat="46.049481" lon="9.425054"><ele>890.972</ele><time>2026-03-31T13:30:02.973320400Z</time></trkpt><trkpt lat="46.049436" lon="9.425030"><ele>887.713</ele><time>2026-03-31T13:30:22.973322894Z</time></trkpt><trkpt lat="46.049416" lon="9.425041"><ele>886.214</ele><time>2026-03-31T13:30:42.973325078Z</time></trkpt><trkpt lat="46.049399" lon="9.425113"><ele>886.009</ele><time>2026-03-31T13:31:02.973327242Z</time></trkpt><trkpt lat="46.049388" lon="9.425177"><ele>886.328</ele><time>2026-03-31T13:31:22.973329436Z</time></trkpt><trkpt lat="46.049321" lon="9.425244"><ele>883.514</ele><time>2026-03-31T13:31:42.973331590Z</time></trkpt><trkpt lat="46.049298" lon="9.425306"><ele>883.555</ele><time>2026-03-31T13:32:02.973333855Z</time></trkpt><trkpt lat="46.049267" lon="9.425344"><ele>882.428</ele><time>2026-03-31T13:32:22.973335969Z</time></trkpt><trkpt lat="46.049228" lon="9.425384"><ele>881.158</ele><time>2026-03-31T13:32:42.973338123Z</time></trkpt><trkpt lat="46.049189" lon="9.425408"><ele>879.555</ele><time>2026-03-31T13:33:02.973340297Z</time></trkpt><trkpt lat="46.049118" lon="9.425525"><ele>877.851</ele><time>2026-03-31T13:33:22.973342471Z</time></trkpt><trkpt lat="46.049055" lon="9.425680"><ele>874.787</ele><time>2026-03-31T13:33:42.973344635Z</time></trkpt><trkpt lat="46.048995" lon="9.425820"><ele>870.365</ele><time>2026-03-31T13:34:02.973346979Z</time></trkpt><trkpt lat="46.048984" lon="9.425869"><ele>868.667</ele><time>2026-03-31T13:34:22.973349264Z</time></trkpt><trkpt lat="46.048998" lon="9.425983"><ele>866.881</ele><time>2026-03-31T13:34:42.973351458Z</time></trkpt><trkpt lat="46.048976" lon="9.426069"><ele>863.319</ele><time>2026-03-31T13:35:02.973353692Z</time></trkpt><trkpt lat="46.048913" lon="9.426144"><ele>857.309</ele><time>2026-03-31T13:35:22.973355856Z</time></trkpt><trkpt lat="46.048868" lon="9.426241"><ele>851.647</ele><time>2026-03-31T13:35:42.973358010Z</time></trkpt><trkpt lat="46.048809" lon="9.426160"><ele>852.043</ele><time>2026-03-31T13:36:02.973360174Z</time></trkpt><trkpt lat="46.048827" lon="9.426391"><ele>845.314</ele><time>2026-03-31T13:36:22.973362298Z</time></trkpt><trkpt lat="46.048779" lon="9.426520"><ele>836.537</ele><time>2026-03-31T13:36:42.973364482Z</time></trkpt><trkpt lat="46.048701" lon="9.426563"><ele>832.757</ele><time>2026-03-31T13:37:02.973366636Z</time></trkpt><trkpt lat="46.048638" lon="9.426568"><ele>831.474</ele><time>2026-03-31T13:37:22.973368840Z</time></trkpt><trkpt lat="46.048571" lon="9.426541"><ele>830.380</ele><time>2026-03-31T13:37:42.973371014Z</time></trkpt><trkpt lat="46.048537" lon="9.426643"><ele>824.526</ele><time>2026-03-31T13:38:02.973373148Z</time></trkpt><trkpt lat="46.048519" lon="9.426530"><ele>828.164</ele><time>2026-03-31T13:38:22.973375392Z</time></trkpt><trkpt lat="46.048478" lon="9.426568"><ele>824.855</ele><time>2026-03-31T13:38:42.973377627Z</time></trkpt><trkpt lat="46.048437" lon="9.426498"><ele>824.707</ele><time>2026-03-31T13:39:02.973379811Z</time></trkpt><trkpt lat="46.048422" lon="9.426370"><ele>826.717</ele><time>2026-03-31T13:39:22.973381975Z</time></trkpt><trkpt lat="46.048414" lon="9.426273"><ele>827.909</ele><time>2026-03-31T13:39:42.973384149Z</time></trkpt><trkpt lat="46.048373" lon="9.426241"><ele>825.516</ele><time>2026-03-31T13:40:02.973386283Z</time></trkpt><trkpt lat="46.048273" lon="9.426214"><ele>819.022</ele><time>2026-03-31T13:40:22.973388447Z</time></trkpt><trkpt lat="46.048240" lon="9.426284"><ele>815.823</ele><time>2026-03-31T13:40:42.973390581Z</time></trkpt><trkpt lat="46.048186" lon="9.426159"><ele>813.856</ele><time>2026-03-31T13:41:02.973392785Z</time></trkpt><trkpt lat="46.048145" lon="9.426191"><ele>810.696</ele><time>2026-03-31T13:41:22.973394969Z</time></trkpt><trkpt lat="46.048108" lon="9.426272"><ele>807.323</ele><time>2026-03-31T13:41:42.973397173Z</time></trkpt><trkpt lat="46.048071" lon="9.426314"><ele>804.519</ele><time>2026-03-31T13:42:02.973399307Z</time></trkpt><trkpt lat="46.048037" lon="9.426186"><ele>802.825</ele><time>2026-03-31T13:42:22.973401451Z</time></trkpt><trkpt lat="46.048008" lon="9.426266"><ele>799.693</ele><time>2026-03-31T13:42:42.973403715Z</time></trkpt><trkpt lat="46.047970" lon="9.426213"><ele>796.567</ele><time>2026-03-31T13:43:02.973405980Z</time></trkpt><trkpt lat="46.047937" lon="9.426304"><ele>793.181</ele><time>2026-03-31T13:43:22.973408164Z</time></trkpt><trkpt lat="46.047900" lon="9.426245"><ele>790.019</ele><time>2026-03-31T13:43:42.973410388Z</time></trkpt><trkpt lat="46.047859" lon="9.426314"><ele>786.209</ele><time>2026-03-31T13:44:02.973412562Z</time></trkpt><trkpt lat="46.047840" lon="9.426180"><ele>784.717</ele><time>2026-03-31T13:44:22.973414756Z</time></trkpt><trkpt lat="46.047758" lon="9.426170"><ele>778.623</ele><time>2026-03-31T13:44:42.973416930Z</time></trkpt><trkpt lat="46.047706" lon="9.426261"><ele>777.694</ele><time>2026-03-31T13:45:02.973419074Z</time></trkpt><trkpt lat="46.047457" lon="9.426255"><ele>772.747</ele><time>2026-03-31T13:45:22.973421208Z</time></trkpt><trkpt lat="46.047402" lon="9.426084"><ele>769.977</ele><time>2026-03-31T13:45:42.973423362Z</time></trkpt><trkpt lat="46.047361" lon="9.425698"><ele>765.054</ele><time>2026-03-31T13:46:02.973425506Z</time></trkpt><trkpt lat="46.047318" lon="9.425634"><ele>763.390</ele><time>2026-03-31T13:46:22.973427670Z</time></trkpt><trkpt lat="46.047244" lon="9.425661"><ele>760.896</ele><time>2026-03-31T13:46:42.973429834Z</time></trkpt><trkpt lat="46.047147" lon="9.425565"><ele>760.134</ele><time>2026-03-31T13:47:02.973431938Z</time></trkpt><trkpt lat="46.047039" lon="9.425473"><ele>760.057</ele><time>2026-03-31T13:47:22.973434182Z</time></trkpt><trkpt lat="46.046968" lon="9.425484"><ele>760.000</ele><time>2026-03-31T13:47:42.973436507Z</time></trkpt><trkpt lat="46.046844" lon="9.425607"><ele>761.420</ele><time>2026-03-31T13:48:02.973445974Z</time></trkpt><trkpt lat="46.046754" lon="9.425655"><ele>762.609</ele><time>2026-03-31T13:48:22.973449772Z</time></trkpt><trkpt lat="46.046617" lon="9.425623"><ele>761.636</ele><time>2026-03-31T13:48:42.973453358Z</time></trkpt><trkpt lat="46.046457" lon="9.425586"><ele>760.672</ele><time>2026-03-31T13:49:02.973457115Z</time></trkpt><trkpt lat="46.046316" lon="9.425564"><ele>760.483</ele><time>2026-03-31T13:49:22.973460802Z</time></trkpt><trkpt lat="46.046092" lon="9.425516"><ele>761.146</ele><time>2026-03-31T13:49:42.973464359Z</time></trkpt><trkpt lat="46.046021" lon="9.425656"><ele>764.986</ele><time>2026-03-31T13:50:02.973467385Z</time></trkpt><trkpt lat="46.045958" lon="9.425677"><ele>766.563</ele><time>2026-03-31T13:50:22.973469529Z</time></trkpt><trkpt lat="46.045832" lon="9.425640"><ele>767.589</ele><time>2026-03-31T13:50:42.973471743Z</time></trkpt><trkpt lat="46.045794" lon="9.425661"><ele>769.415</ele><time>2026-03-31T13:51:02.973475149Z</time></trkpt><trkpt lat="46.045716" lon="9.425602"><ele>770.343</ele><time>2026-03-31T13:51:22.973477413Z</time></trkpt><trkpt lat="46.045664" lon="9.425640"><ele>773.385</ele><time>2026-03-31T13:51:42.973480209Z</time></trkpt><trkpt lat="46.045586" lon="9.425656"><ele>776.689</ele><time>2026-03-31T13:52:02.973482673Z</time></trkpt><trkpt lat="46.045531" lon="9.425603"><ele>776.517</ele><time>2026-03-31T13:52:22.973484967Z</time></trkpt><trkpt lat="46.045502" lon="9.425668"><ele>779.609</ele><time>2026-03-31T13:52:42.973487242Z</time></trkpt><trkpt lat="46.045453" lon="9.425727"><ele>783.039</ele><time>2026-03-31T13:53:02.973490548Z</time></trkpt><trkpt lat="46.045397" lon="9.425925"><ele>791.125</ele><time>2026-03-31T13:53:22.973492722Z</time></trkpt><trkpt lat="46.045375" lon="9.425898"><ele>790.736</ele><time>2026-03-31T13:53:42.973494926Z</time></trkpt><trkpt lat="46.045353" lon="9.425915"><ele>791.889</ele><time>2026-03-31T13:54:02.973497070Z</time></trkpt><trkpt lat="46.045264" lon="9.425797"><ele>790.479</ele><time>2026-03-31T13:54:22.973499244Z</time></trkpt><trkpt lat="46.045096" lon="9.425721"><ele>793.876</ele><time>2026-03-31T13:54:42.973501458Z</time></trkpt><trkpt lat="46.045089" lon="9.425813"><ele>797.172</ele><time>2026-03-31T13:55:02.973503562Z</time></trkpt><trkpt lat="46.045025" lon="9.425823"><ele>799.778</ele><time>2026-03-31T13:55:22.973505726Z</time></trkpt><trkpt lat="46.045037" lon="9.426000"><ele>806.616</ele><time>2026-03-31T13:55:42.973507920Z</time></trkpt><trkpt lat="46.044780" lon="9.426038"><ele>816.347</ele><time>2026-03-31T13:56:02.973510215Z</time></trkpt><trkpt lat="46.044830" lon="9.426171"><ele>822.529</ele><time>2026-03-31T13:56:22.973512429Z</time></trkpt><trkpt lat="46.044637" lon="9.426316"><ele>835.021</ele><time>2026-03-31T13:56:42.973514593Z</time></trkpt><trkpt lat="46.044682" lon="9.426503"><ele>843.209</ele><time>2026-03-31T13:57:02.973516757Z</time></trkpt><trkpt lat="46.044592" lon="9.426541"><ele>844.575</ele><time>2026-03-31T13:57:22.973518881Z</time></trkpt><trkpt lat="46.044663" lon="9.426659"><ele>848.251</ele><time>2026-03-31T13:57:42.973521055Z</time></trkpt><trkpt lat="46.044548" lon="9.426772"><ele>853.562</ele><time>2026-03-31T13:58:02.973523189Z</time></trkpt><trkpt lat="46.044682" lon="9.426943"><ele>858.525</ele><time>2026-03-31T13:58:22.973525323Z</time></trkpt><trkpt lat="46.044414" lon="9.427077"><ele>866.965</ele><time>2026-03-31T13:58:42.973527577Z</time></trkpt><trkpt lat="46.044633" lon="9.427222"><ele>869.212</ele><time>2026-03-31T13:59:02.973529701Z</time></trkpt><trkpt lat="46.044440" lon="9.427453"><ele>883.038</ele><time>2026-03-31T13:59:22.973531885Z</time></trkpt><trkpt lat="46.044566" lon="9.427624"><ele>887.834</ele><time>2026-03-31T13:59:42.973534039Z</time></trkpt><trkpt lat="46.044444" lon="9.427721"><ele>894.582</ele><time>2026-03-31T14:00:02.973536203Z</time></trkpt><trkpt lat="46.044585" lon="9.427925"><ele>901.791</ele><time>2026-03-31T14:00:22.973538448Z</time></trkpt><trkpt lat="46.044436" lon="9.428161"><ele>918.381</ele><time>2026-03-31T14:00:42.973540702Z</time></trkpt><trkpt lat="46.044522" lon="9.428322"><ele>924.519</ele><time>2026-03-31T14:01:02.973542906Z</time></trkpt><trkpt lat="46.044417" lon="9.428472"><ele>933.409</ele><time>2026-03-31T14:01:22.973545040Z</time></trkpt><trkpt lat="46.044493" lon="9.428528"><ele>934.630</ele><time>2026-03-31T14:01:42.973547154Z</time></trkpt><trkpt lat="46.044251" lon="9.428512"><ele>934.986</ele><time>2026-03-31T14:02:02.973549318Z</time></trkpt><trkpt lat="46.044210" lon="9.428571"><ele>937.957</ele><time>2026-03-31T14:02:22.973551522Z</time></trkpt><trkpt lat="46.044236" lon="9.428668"><ele>941.570</ele><time>2026-03-31T14:02:42.973553696Z</time></trkpt><trkpt lat="46.044318" lon="9.428727"><ele>942.940</ele><time>2026-03-31T14:03:02.973555860Z</time></trkpt><trkpt lat="46.044228" lon="9.428737"><ele>943.477</ele><time>2026-03-31T14:03:22.973558014Z</time></trkpt><trkpt lat="46.044147" lon="9.428834"><ele>946.393</ele><time>2026-03-31T14:03:42.973560148Z</time></trkpt><trkpt lat="46.044050" lon="9.429016"><ele>950.929</ele><time>2026-03-31T14:04:02.973562312Z</time></trkpt><trkpt lat="46.043938" lon="9.429018"><ele>951.117</ele><time>2026-03-31T14:04:22.973564476Z</time></trkpt><trkpt lat="46.043871" lon="9.429120"><ele>954.493</ele><time>2026-03-31T14:04:42.973566720Z</time></trkpt><trkpt lat="46.043811" lon="9.429184"><ele>956.365</ele><time>2026-03-31T14:05:02.973568935Z</time></trkpt><trkpt lat="46.043763" lon="9.429388"><ele>963.121</ele><time>2026-03-31T14:05:22.973571139Z</time></trkpt><trkpt lat="46.043689" lon="9.429375"><ele>962.609</ele><time>2026-03-31T14:05:42.973573353Z</time></trkpt><trkpt lat="46.043566" lon="9.429327"><ele>960.610</ele><time>2026-03-31T14:06:02.973575547Z</time></trkpt><trkpt lat="46.043477" lon="9.429472"><ele>965.626</ele><time>2026-03-31T14:06:22.973577721Z</time></trkpt><trkpt lat="46.043365" lon="9.429525"><ele>967.537</ele><time>2026-03-31T14:06:42.973579845Z</time></trkpt><trkpt lat="46.043000" lon="9.429595"><ele>974.350</ele><time>2026-03-31T14:07:02.973582069Z</time></trkpt><trkpt lat="46.042972" lon="9.429704"><ele>979.740</ele><time>2026-03-31T14:07:22.973584323Z</time></trkpt><trkpt lat="46.042935" lon="9.429758"><ele>981.927</ele><time>2026-03-31T14:07:42.973586467Z</time></trkpt><trkpt lat="46.042890" lon="9.429667"><ele>978.833</ele><time>2026-03-31T14:08:02.973588661Z</time></trkpt><trkpt lat="46.042782" lon="9.429608"><ele>977.459</ele><time>2026-03-31T14:08:22.973590886Z</time></trkpt><trkpt lat="46.042637" lon="9.429597"><ele>980.537</ele><time>2026-03-31T14:08:42.973593050Z</time></trkpt><trkpt lat="46.042517" lon="9.429660"><ele>985.128</ele><time>2026-03-31T14:09:02.973595294Z</time></trkpt><trkpt lat="46.042502" lon="9.429788"><ele>989.389</ele><time>2026-03-31T14:09:22.973597588Z</time></trkpt><trkpt lat="46.042421" lon="9.429805"><ele>991.417</ele><time>2026-03-31T14:09:42.973599722Z</time></trkpt><trkpt lat="46.042257" lon="9.429869"><ele>996.709</ele><time>2026-03-31T14:10:02.973601916Z</time></trkpt><trkpt lat="46.042238" lon="9.429955"><ele>1000.193</ele><time>2026-03-31T14:10:22.973604201Z</time></trkpt><trkpt lat="46.042044" lon="9.429988"><ele>1005.559</ele><time>2026-03-31T14:10:42.973606445Z</time></trkpt><trkpt lat="46.041917" lon="9.429924"><ele>1006.750</ele><time>2026-03-31T14:11:02.973608689Z</time></trkpt><trkpt lat="46.041806" lon="9.429913"><ele>1009.113</ele><time>2026-03-31T14:11:22.973610883Z</time></trkpt><trkpt lat="46.041765" lon="9.429945"><ele>1011.043</ele><time>2026-03-31T14:11:42.973613127Z</time></trkpt><trkpt lat="46.041724" lon="9.430096"><ele>1017.560</ele><time>2026-03-31T14:12:02.973615371Z</time></trkpt><trkpt lat="46.041590" lon="9.430053"><ele>1018.026</ele><time>2026-03-31T14:12:22.973617566Z</time></trkpt><trkpt lat="46.041514" lon="9.430147"><ele>1022.442</ele><time>2026-03-31T14:12:42.973619770Z</time></trkpt><trkpt lat="46.041443" lon="9.430238"><ele>1026.390</ele><time>2026-03-31T14:13:02.973622014Z</time></trkpt><trkpt lat="46.041383" lon="9.430276"><ele>1028.013</ele><time>2026-03-31T14:13:22.973630500Z</time></trkpt><trkpt lat="46.041346" lon="9.430351"><ele>1031.243</ele><time>2026-03-31T14:13:42.973633686Z</time></trkpt><trkpt lat="46.041283" lon="9.430329"><ele>1031.207</ele><time>2026-03-31T14:14:02.973635840Z</time></trkpt><trkpt lat="46.041175" lon="9.430383"><ele>1034.309</ele><time>2026-03-31T14:14:22.973638154Z</time></trkpt><trkpt lat="46.040974" lon="9.430415"><ele>1039.792</ele><time>2026-03-31T14:14:42.973640318Z</time></trkpt><trkpt lat="46.041008" lon="9.430512"><ele>1041.488</ele><time>2026-03-31T14:15:02.973642813Z</time></trkpt><trkpt lat="46.040933" lon="9.430603"><ele>1045.849</ele><time>2026-03-31T14:15:22.973645097Z</time></trkpt><trkpt lat="46.040678" lon="9.430708"><ele>1053.972</ele><time>2026-03-31T14:15:42.973647241Z</time></trkpt><trkpt lat="46.040577" lon="9.430729"><ele>1056.612</ele><time>2026-03-31T14:16:02.973649365Z</time></trkpt><trkpt lat="46.040284" lon="9.430960"><ele>1068.849</ele><time>2026-03-31T14:16:22.973651559Z</time></trkpt><trkpt lat="46.040109" lon="9.431024"><ele>1071.855</ele><time>2026-03-31T14:16:42.973653733Z</time></trkpt><trkpt lat="46.040083" lon="9.431126"><ele>1076.231</ele><time>2026-03-31T14:17:02.973655917Z</time></trkpt><trkpt lat="46.040008" lon="9.431137"><ele>1076.179</ele><time>2026-03-31T14:17:22.973658172Z</time></trkpt><trkpt lat="46.040001" lon="9.431265"><ele>1081.173</ele><time>2026-03-31T14:17:42.973660466Z</time></trkpt><trkpt lat="46.039741" lon="9.431346"><ele>1086.785</ele><time>2026-03-31T14:18:02.973662680Z</time></trkpt><trkpt lat="46.039529" lon="9.431512"><ele>1094.513</ele><time>2026-03-31T14:18:22.973664854Z</time></trkpt><trkpt lat="46.039324" lon="9.431582"><ele>1097.009</ele><time>2026-03-31T14:18:42.973667048Z</time></trkpt><trkpt lat="46.039014" lon="9.431764"><ele>1105.138</ele><time>2026-03-31T14:19:02.973669212Z</time></trkpt><trkpt lat="46.038832" lon="9.431920"><ele>1112.284</ele><time>2026-03-31T14:19:22.973671456Z</time></trkpt><trkpt lat="46.038675" lon="9.432054"><ele>1116.725</ele><time>2026-03-31T14:19:42.973674973Z</time></trkpt><trkpt lat="46.038437" lon="9.432311"><ele>1125.948</ele><time>2026-03-31T14:20:02.973679221Z</time></trkpt><trkpt lat="46.038318" lon="9.432606"><ele>1135.348</ele><time>2026-03-31T14:20:22.973681966Z</time></trkpt><trkpt lat="46.038240" lon="9.432874"><ele>1142.725</ele><time>2026-03-31T14:20:42.973684080Z</time></trkpt><trkpt lat="46.038309" lon="9.432905"><ele>1144.061</ele><time>2026-03-31T14:21:02.973686234Z</time></trkpt><trkpt lat="46.038311" lon="9.432991"><ele>1146.337</ele><time>2026-03-31T14:21:22.973688378Z</time></trkpt><trkpt lat="46.038285" lon="9.433048"><ele>1147.615</ele><time>2026-03-31T14:21:42.973690542Z</time></trkpt><trkpt lat="46.038276" lon="9.433155"><ele>1150.396</ele><time>2026-03-31T14:22:02.973692736Z</time></trkpt><trkpt lat="46.038233" lon="9.433222"><ele>1151.831</ele><time>2026-03-31T14:22:22.973694920Z</time></trkpt><trkpt lat="46.038274" lon="9.433321"><ele>1154.524</ele><time>2026-03-31T14:22:42.973697155Z</time></trkpt><trkpt lat="46.038397" lon="9.433444"><ele>1159.109</ele><time>2026-03-31T14:23:02.973699319Z</time></trkpt><trkpt lat="46.038529" lon="9.433485"><ele>1162.360</ele><time>2026-03-31T14:23:22.973701513Z</time></trkpt><trkpt lat="46.038644" lon="9.433450"><ele>1162.876</ele><time>2026-03-31T14:23:42.973703657Z</time></trkpt><trkpt lat="46.038964" lon="9.433473"><ele>1168.897</ele><time>2026-03-31T14:24:02.973705811Z</time></trkpt><trkpt lat="46.039064" lon="9.433470"><ele>1169.090</ele><time>2026-03-31T14:24:22.973707985Z</time></trkpt><trkpt lat="46.039340" lon="9.433597"><ele>1177.420</ele><time>2026-03-31T14:24:42.973710189Z</time></trkpt><trkpt lat="46.039574" lon="9.433760"><ele>1185.917</ele><time>2026-03-31T14:25:02.973712343Z</time></trkpt><trkpt lat="46.039725" lon="9.433877"><ele>1189.653</ele><time>2026-03-31T14:25:22.973714567Z</time></trkpt><trkpt lat="46.039982" lon="9.434005"><ele>1194.099</ele><time>2026-03-31T14:25:42.973716701Z</time></trkpt><trkpt lat="46.040132" lon="9.434168"><ele>1202.177</ele><time>2026-03-31T14:26:02.973718865Z</time></trkpt><trkpt lat="46.040286" lon="9.434280"><ele>1207.467</ele><time>2026-03-31T14:26:22.973721119Z</time></trkpt><trkpt lat="46.040378" lon="9.434385"><ele>1212.981</ele><time>2026-03-31T14:26:42.973723263Z</time></trkpt><trkpt lat="46.040509" lon="9.434411"><ele>1215.119</ele><time>2026-03-31T14:27:02.973725457Z</time></trkpt><trkpt lat="46.040790" lon="9.434572"><ele>1229.509</ele><time>2026-03-31T14:27:22.973727652Z</time></trkpt><trkpt lat="46.040848" lon="9.434637"><ele>1234.297</ele><time>2026-03-31T14:27:42.973730286Z</time></trkpt><trkpt lat="46.041185" lon="9.434733"><ele>1248.813</ele><time>2026-03-31T14:28:02.973732531Z</time></trkpt><trkpt lat="46.041538" lon="9.434636"><ele>1256.154</ele><time>2026-03-31T14:28:22.973734675Z</time></trkpt><trkpt lat="46.041732" lon="9.434449"><ele>1255.057</ele><time>2026-03-31T14:28:42.973736829Z</time></trkpt><trkpt lat="46.041854" lon="9.434301"><ele>1253.997</ele><time>2026-03-31T14:29:02.973739013Z</time></trkpt><trkpt lat="46.042025" lon="9.434220"><ele>1256.134</ele><time>2026-03-31T14:29:22.973741147Z</time></trkpt><trkpt lat="46.042297" lon="9.434314"><ele>1266.340</ele><time>2026-03-31T14:29:42.973743311Z</time></trkpt><trkpt lat="46.042096" lon="9.434609"><ele>1271.896</ele><time>2026-03-31T14:30:02.973745435Z</time></trkpt><trkpt lat="46.042096" lon="9.434630"><ele>1272.624</ele><time>2026-03-31T14:30:22.973747589Z</time></trkpt><trkpt lat="46.042349" lon="9.434598"><ele>1277.841</ele><time>2026-03-31T14:30:42.973749763Z</time></trkpt><trkpt lat="46.042520" lon="9.434689"><ele>1283.581</ele><time>2026-03-31T14:31:02.973751937Z</time></trkpt><trkpt lat="46.042716" lon="9.435096"><ele>1289.409</ele><time>2026-03-31T14:31:22.973754151Z</time></trkpt><trkpt lat="46.042765" lon="9.435349"><ele>1292.709</ele><time>2026-03-31T14:31:42.973756305Z</time></trkpt><trkpt lat="46.042761" lon="9.435542"><ele>1296.335</ele><time>2026-03-31T14:32:02.973758419Z</time></trkpt><trkpt lat="46.042742" lon="9.435756"><ele>1300.281</ele><time>2026-03-31T14:32:22.973760573Z</time></trkpt><trkpt lat="46.042679" lon="9.435987"><ele>1306.382</ele><time>2026-03-31T14:32:42.973762697Z</time></trkpt><trkpt lat="46.042634" lon="9.436008"><ele>1308.595</ele><time>2026-03-31T14:33:02.973764831Z</time></trkpt><trkpt lat="46.042597" lon="9.435987"><ele>1309.745</ele><time>2026-03-31T14:33:22.973766955Z</time></trkpt><trkpt lat="46.042534" lon="9.435917"><ele>1311.152</ele><time>2026-03-31T14:33:42.973769069Z</time></trkpt><trkpt lat="46.042486" lon="9.435917"><ele>1312.868</ele><time>2026-03-31T14:34:02.973771233Z</time></trkpt><trkpt lat="46.042474" lon="9.436089"><ele>1316.214</ele><time>2026-03-31T14:34:22.973773718Z</time></trkpt><trkpt lat="46.042452" lon="9.436174"><ele>1318.692</ele><time>2026-03-31T14:34:42.973777395Z</time></trkpt><trkpt lat="46.042441" lon="9.436357"><ele>1323.049</ele><time>2026-03-31T14:35:02.973781142Z</time></trkpt><trkpt lat="46.042434" lon="9.436491"><ele>1325.802</ele><time>2026-03-31T14:35:22.973784578Z</time></trkpt><trkpt lat="46.042390" lon="9.436582"><ele>1328.922</ele><time>2026-03-31T14:35:42.973788035Z</time></trkpt><trkpt lat="46.042364" lon="9.436743"><ele>1333.509</ele><time>2026-03-31T14:36:02.973790239Z</time></trkpt><trkpt lat="46.042364" lon="9.436974"><ele>1339.625</ele><time>2026-03-31T14:36:22.973793415Z</time></trkpt><trkpt lat="46.042361" lon="9.437172"><ele>1344.371</ele><time>2026-03-31T14:36:42.973797172Z</time></trkpt><trkpt lat="46.042387" lon="9.437279"><ele>1345.752</ele><time>2026-03-31T14:37:02.973800748Z</time></trkpt><trkpt lat="46.042390" lon="9.437370"><ele>1347.165</ele><time>2026-03-31T14:37:22.973802862Z</time></trkpt><trkpt lat="46.042454" lon="9.437639"><ele>1350.035</ele><time>2026-03-31T14:37:42.973805066Z</time></trkpt><trkpt lat="46.042502" lon="9.437773"><ele>1350.992</ele><time>2026-03-31T14:38:02.973807240Z</time></trkpt><trkpt lat="46.042498" lon="9.437858"><ele>1352.858</ele><time>2026-03-31T14:38:22.973809855Z</time></trkpt><trkpt lat="46.042528" lon="9.437912"><ele>1353.034</ele><time>2026-03-31T14:38:42.973818201Z</time></trkpt><trkpt lat="46.042520" lon="9.437944"><ele>1353.952</ele><time>2026-03-31T14:39:02.973821948Z</time></trkpt><trkpt lat="46.042569" lon="9.438121"><ele>1355.632</ele><time>2026-03-31T14:39:22.973825755Z</time></trkpt><trkpt lat="46.042573" lon="9.438218"><ele>1357.192</ele><time>2026-03-31T14:39:42.973829512Z</time></trkpt><trkpt lat="46.042699" lon="9.438588"><ele>1357.811</ele><time>2026-03-31T14:40:02.973832989Z</time></trkpt><trkpt lat="46.042747" lon="9.438899"><ele>1361.309</ele><time>2026-03-31T14:40:22.973836746Z</time></trkpt><trkpt lat="46.042807" lon="9.439060"><ele>1361.484</ele><time>2026-03-31T14:40:42.973840332Z</time></trkpt><trkpt lat="46.042622" lon="9.439442"><ele>1374.380</ele><time>2026-03-31T14:41:02.973843979Z</time></trkpt><trkpt lat="46.042508" lon="9.439475"><ele>1380.231</ele><time>2026-03-31T14:41:22.973847205Z</time></trkpt><trkpt lat="46.042355" lon="9.439389"><ele>1386.934</ele><time>2026-03-31T14:41:42.973849339Z</time></trkpt><trkpt lat="46.042262" lon="9.439335"><ele>1390.914</ele><time>2026-03-31T14:42:02.973851513Z</time></trkpt><trkpt lat="46.042125" lon="9.439249"><ele>1397.171</ele><time>2026-03-31T14:42:22.973853717Z</time></trkpt><trkpt lat="46.041898" lon="9.439169"><ele>1408.677</ele><time>2026-03-31T14:42:42.973855831Z</time></trkpt><trkpt lat="46.041812" lon="9.439196"><ele>1413.873</ele><time>2026-03-31T14:43:02.973857985Z</time></trkpt><trkpt lat="46.041786" lon="9.439292"><ele>1417.321</ele><time>2026-03-31T14:43:22.973860971Z</time></trkpt><trkpt lat="46.041887" lon="9.439507"><ele>1415.672</ele><time>2026-03-31T14:43:42.973865189Z</time></trkpt><trkpt lat="46.041846" lon="9.439625"><ele>1420.313</ele><time>2026-03-31T14:44:02.973868585Z</time></trkpt><trkpt lat="46.041753" lon="9.439759"><ele>1428.314</ele><time>2026-03-31T14:44:22.973870719Z</time></trkpt><trkpt lat="46.041678" lon="9.439786"><ele>1433.409</ele><time>2026-03-31T14:44:42.973872883Z</time></trkpt><trkpt lat="46.041518" lon="9.439989"><ele>1445.328</ele><time>2026-03-31T14:45:02.973875037Z</time></trkpt><trkpt lat="46.041504" lon="9.440177"><ele>1451.194</ele><time>2026-03-31T14:45:22.973877181Z</time></trkpt><trkpt lat="46.041805" lon="9.440499"><ele>1450.215</ele><time>2026-03-31T14:45:42.973880037Z</time></trkpt><trkpt lat="46.041883" lon="9.440703"><ele>1453.498</ele><time>2026-03-31T14:46:02.973882321Z</time></trkpt><trkpt lat="46.041983" lon="9.440960"><ele>1455.568</ele><time>2026-03-31T14:46:22.973884485Z</time></trkpt><trkpt lat="46.042047" lon="9.441137"><ele>1456.135</ele><time>2026-03-31T14:46:42.973886589Z</time></trkpt><trkpt lat="46.042099" lon="9.441561"><ele>1461.921</ele><time>2026-03-31T14:47:02.973888753Z</time></trkpt><trkpt lat="46.042125" lon="9.441963"><ele>1474.487</ele><time>2026-03-31T14:47:22.973890897Z</time></trkpt><trkpt lat="46.042221" lon="9.442191"><ele>1488.055</ele><time>2026-03-31T14:47:42.973893091Z</time></trkpt><trkpt lat="46.042381" lon="9.442357"><ele>1502.489</ele><time>2026-03-31T14:48:02.973895295Z</time></trkpt><trkpt lat="46.042686" lon="9.442438"><ele>1501.706</ele><time>2026-03-31T14:48:22.973897499Z</time></trkpt><trkpt lat="46.042782" lon="9.442619"><ele>1502.226</ele><time>2026-03-31T14:48:42.973899643Z</time></trkpt><trkpt lat="46.042845" lon="9.442806"><ele>1500.209</ele><time>2026-03-31T14:49:02.973901817Z</time></trkpt><trkpt lat="46.042942" lon="9.443311"><ele>1504.389</ele><time>2026-03-31T14:49:22.973903992Z</time></trkpt><trkpt lat="46.043042" lon="9.443691"><ele>1513.385</ele><time>2026-03-31T14:49:42.973906095Z</time></trkpt><trkpt lat="46.043224" lon="9.443858"><ele>1515.346</ele><time>2026-03-31T14:50:02.973908239Z</time></trkpt><trkpt lat="46.043295" lon="9.443965"><ele>1516.259</ele><time>2026-03-31T14:50:22.973910434Z</time></trkpt><trkpt lat="46.043332" lon="9.444222"><ele>1521.199</ele><time>2026-03-31T14:50:42.973912548Z</time></trkpt><trkpt lat="46.043302" lon="9.444353"><ele>1522.646</ele><time>2026-03-31T14:51:02.973914692Z</time></trkpt><trkpt lat="46.043209" lon="9.444439"><ele>1527.792</ele><time>2026-03-31T14:51:22.973916806Z</time></trkpt><trkpt lat="46.043135" lon="9.444611"><ele>1530.198</ele><time>2026-03-31T14:51:42.973918950Z</time></trkpt><trkpt lat="46.043072" lon="9.444750"><ele>1532.946</ele><time>2026-03-31T14:52:02.973921114Z</time></trkpt><trkpt lat="46.043031" lon="9.444943"><ele>1529.599</ele><time>2026-03-31T14:52:22.973923328Z</time></trkpt><trkpt lat="46.042953" lon="9.445222"><ele>1532.507</ele><time>2026-03-31T14:52:42.973925472Z</time></trkpt><trkpt lat="46.042942" lon="9.445501"><ele>1533.627</ele><time>2026-03-31T14:53:02.973927626Z</time></trkpt><trkpt lat="46.043031" lon="9.445839"><ele>1534.409</ele><time>2026-03-31T14:53:22.973929790Z</time></trkpt><trkpt lat="46.043038" lon="9.446027"><ele>1538.630</ele><time>2026-03-31T14:53:42.973931974Z</time></trkpt><trkpt lat="46.042961" lon="9.446060"><ele>1542.486</ele><time>2026-03-31T14:54:02.973934098Z</time></trkpt><trkpt lat="46.042950" lon="9.446200"><ele>1544.947</ele><time>2026-03-31T14:54:22.973936262Z</time></trkpt><trkpt lat="46.042894" lon="9.446221"><ele>1547.210</ele><time>2026-03-31T14:54:42.973938426Z</time></trkpt><trkpt lat="46.042864" lon="9.446259"><ele>1548.920</ele><time>2026-03-31T14:55:02.973940580Z</time></trkpt><trkpt lat="46.042842" lon="9.446269"><ele>1549.837</ele><time>2026-03-31T14:55:22.973942734Z</time></trkpt><trkpt lat="46.042827" lon="9.446382"><ele>1552.083</ele><time>2026-03-31T14:55:42.973944878Z</time></trkpt><trkpt lat="46.042749" lon="9.446441"><ele>1555.789</ele><time>2026-03-31T14:56:02.973947012Z</time></trkpt><trkpt lat="46.042589" lon="9.446779"><ele>1564.247</ele><time>2026-03-31T14:56:22.973949136Z</time></trkpt><trkpt lat="46.042461" lon="9.447034"><ele>1568.866</ele><time>2026-03-31T14:56:42.973951340Z</time></trkpt><trkpt lat="46.042368" lon="9.447308"><ele>1572.729</ele><time>2026-03-31T14:57:02.973953494Z</time></trkpt><trkpt lat="46.042253" lon="9.447619"><ele>1577.321</ele><time>2026-03-31T14:57:22.973955598Z</time></trkpt><trkpt lat="46.042175" lon="9.447834"><ele>1578.209</ele><time>2026-03-31T14:57:42.973957732Z</time></trkpt><trkpt lat="46.041955" lon="9.448204"><ele>1584.757</ele><time>2026-03-31T14:58:02.973959856Z</time></trkpt><trkpt lat="46.041959" lon="9.448397"><ele>1582.013</ele><time>2026-03-31T14:58:22.973961990Z</time></trkpt><trkpt lat="46.041892" lon="9.448697"><ele>1583.984</ele><time>2026-03-31T14:58:42.973964164Z</time></trkpt><trkpt lat="46.041874" lon="9.448917"><ele>1583.247</ele><time>2026-03-31T14:59:02.973966298Z</time></trkpt><trkpt lat="46.041784" lon="9.448992"><ele>1591.177</ele><time>2026-03-31T14:59:22.973968482Z</time></trkpt><trkpt lat="46.041634" lon="9.449592"><ele>1602.944</ele><time>2026-03-31T14:59:42.973970596Z</time></trkpt><trkpt lat="46.041407" lon="9.449855"><ele>1609.910</ele><time>2026-03-31T15:00:02.973972750Z</time></trkpt><trkpt lat="46.041098" lon="9.450053"><ele>1618.166</ele><time>2026-03-31T15:00:22.973974904Z</time></trkpt><trkpt lat="46.041033" lon="9.450313"><ele>1609.164</ele><time>2026-03-31T15:00:42.973977038Z</time></trkpt><trkpt lat="46.040962" lon="9.450452"><ele>1608.083</ele><time>2026-03-31T15:01:02.973979202Z</time></trkpt><trkpt lat="46.040479" lon="9.450677"><ele>1617.625</ele><time>2026-03-31T15:01:22.973981817Z</time></trkpt><trkpt lat="46.040323" lon="9.450628"><ele>1626.017</ele><time>2026-03-31T15:01:42.973983941Z</time></trkpt><trkpt lat="46.040093" lon="9.450650"><ele>1629.009</ele><time>2026-03-31T15:02:02.973986085Z</time></trkpt><trkpt lat="46.039832" lon="9.450912"><ele>1627.789</ele><time>2026-03-31T15:02:22.973988189Z</time></trkpt><trkpt lat="46.039393" lon="9.451431"><ele>1623.795</ele><time>2026-03-31T15:02:42.973990333Z</time></trkpt><trkpt lat="46.039080" lon="9.451983"><ele>1623.976</ele><time>2026-03-31T15:03:02.973993088Z</time></trkpt><trkpt lat="46.039009" lon="9.452433"><ele>1615.729</ele><time>2026-03-31T15:03:22.973996745Z</time></trkpt><trkpt lat="46.038686" lon="9.452755"><ele>1634.419</ele><time>2026-03-31T15:03:42.973999560Z</time></trkpt><trkpt lat="46.038544" lon="9.453023"><ele>1638.536</ele><time>2026-03-31T15:04:02.974008187Z</time></trkpt><trkpt lat="46.038186" lon="9.453318"><ele>1649.782</ele><time>2026-03-31T15:04:22.974011022Z</time></trkpt><trkpt lat="46.037996" lon="9.453822"><ele>1644.528</ele><time>2026-03-31T15:04:42.974013887Z</time></trkpt><trkpt lat="46.038100" lon="9.454283"><ele>1625.196</ele><time>2026-03-31T15:05:02.974017794Z</time></trkpt><trkpt lat="46.038331" lon="9.454535"><ele>1613.758</ele><time>2026-03-31T15:05:22.974020409Z</time></trkpt><trkpt lat="46.038602" lon="9.455184"><ele>1618.452</ele><time>2026-03-31T15:05:42.974022563Z</time></trkpt><trkpt lat="46.038446" lon="9.455447"><ele>1631.117</ele><time>2026-03-31T15:06:02.974024988Z</time></trkpt><trkpt lat="46.038066" lon="9.455703"><ele>1649.709</ele><time>2026-03-31T15:06:22.974027853Z</time></trkpt><trkpt lat="46.037783" lon="9.456025"><ele>1661.556</ele><time>2026-03-31T15:06:42.974029987Z</time></trkpt><trkpt lat="46.037530" lon="9.456314"><ele>1674.012</ele><time>2026-03-31T15:07:02.974032161Z</time></trkpt><trkpt lat="46.037303" lon="9.457344"><ele>1661.913</ele><time>2026-03-31T15:07:22.974034285Z</time></trkpt><trkpt lat="46.037096" lon="9.457594"><ele>1663.196</ele><time>2026-03-31T15:07:42.974036439Z</time></trkpt><trkpt lat="46.036805" lon="9.457658"><ele>1671.956</ele><time>2026-03-31T15:08:02.974039134Z</time></trkpt><trkpt lat="46.036467" lon="9.457873"><ele>1677.043</ele><time>2026-03-31T15:08:22.974041529Z</time></trkpt><trkpt lat="46.036240" lon="9.458173"><ele>1669.069</ele><time>2026-03-31T15:08:42.974043633Z</time></trkpt><trkpt lat="46.036084" lon="9.458806"><ele>1630.185</ele><time>2026-03-31T15:09:02.974045777Z</time></trkpt><trkpt lat="46.035707" lon="9.459037"><ele>1617.163</ele><time>2026-03-31T15:09:22.974047891Z</time></trkpt><trkpt lat="46.035544" lon="9.459043"><ele>1615.754</ele><time>2026-03-31T15:09:42.974050115Z</time></trkpt><trkpt lat="46.035398" lon="9.458914"><ele>1620.256</ele><time>2026-03-31T15:10:02.974052289Z</time></trkpt><trkpt lat="46.035235" lon="9.458903"><ele>1618.111</ele><time>2026-03-31T15:10:22.974054463Z</time></trkpt><trkpt lat="46.035134" lon="9.458817"><ele>1619.309</ele><time>2026-03-31T15:10:42.974056667Z</time></trkpt><trkpt lat="46.035012" lon="9.458758"><ele>1618.526</ele><time>2026-03-31T15:11:02.974058811Z</time></trkpt><trkpt lat="46.034892" lon="9.458852"><ele>1606.722</ele><time>2026-03-31T15:11:22.974060965Z</time></trkpt><trkpt lat="46.034766" lon="9.458595"><ele>1609.853</ele><time>2026-03-31T15:11:42.974063099Z</time></trkpt><trkpt lat="46.034661" lon="9.458670"><ele>1604.016</ele><time>2026-03-31T15:12:02.974065273Z</time></trkpt><trkpt lat="46.034617" lon="9.458734"><ele>1601.896</ele><time>2026-03-31T15:12:22.974067367Z</time></trkpt><trkpt lat="46.034501" lon="9.458761"><ele>1602.073</ele><time>2026-03-31T15:12:42.974069521Z</time></trkpt><trkpt lat="46.034185" lon="9.458648"><ele>1611.859</ele><time>2026-03-31T15:13:02.974071675Z</time></trkpt><trkpt lat="46.034051" lon="9.458654"><ele>1610.295</ele><time>2026-03-31T15:13:22.974073829Z</time></trkpt><trkpt lat="46.033906" lon="9.458605"><ele>1610.673</ele><time>2026-03-31T15:13:42.974076013Z</time></trkpt><trkpt lat="46.033850" lon="9.458643"><ele>1607.844</ele><time>2026-03-31T15:14:02.974078228Z</time></trkpt><trkpt lat="46.033680" lon="9.459039"><ele>1588.505</ele><time>2026-03-31T15:14:22.974080422Z</time></trkpt><trkpt lat="46.033543" lon="9.459254"><ele>1581.715</ele><time>2026-03-31T15:14:42.974082576Z</time></trkpt><trkpt lat="46.032977" lon="9.459597"><ele>1567.809</ele><time>2026-03-31T15:15:02.974084700Z</time></trkpt><trkpt lat="46.032936" lon="9.459710"><ele>1562.415</ele><time>2026-03-31T15:15:22.974086894Z</time></trkpt><trkpt lat="46.032977" lon="9.459785"><ele>1558.761</ele><time>2026-03-31T15:15:42.974088968Z</time></trkpt><trkpt lat="46.032894" lon="9.459912"><ele>1555.222</ele><time>2026-03-31T15:16:02.974091102Z</time></trkpt><trkpt lat="46.032742" lon="9.459917"><ele>1557.635</ele><time>2026-03-31T15:16:22.974093206Z</time></trkpt><trkpt lat="46.032604" lon="9.459901"><ele>1560.585</ele><time>2026-03-31T15:16:42.974095320Z</time></trkpt><trkpt lat="46.032451" lon="9.459971"><ele>1559.112</ele><time>2026-03-31T15:17:02.974097464Z</time></trkpt><trkpt lat="46.032355" lon="9.459912"><ele>1561.848</ele><time>2026-03-31T15:17:22.974099628Z</time></trkpt><trkpt lat="46.032232" lon="9.459901"><ele>1562.384</ele><time>2026-03-31T15:17:42.974101742Z</time></trkpt><trkpt lat="46.032105" lon="9.459987"><ele>1557.262</ele><time>2026-03-31T15:18:02.974103896Z</time></trkpt><trkpt lat="46.032058" lon="9.460002"><ele>1556.317</ele><time>2026-03-31T15:18:22.974106110Z</time></trkpt><trkpt lat="46.031958" lon="9.460077"><ele>1553.387</ele><time>2026-03-31T15:18:42.974108324Z</time></trkpt><trkpt lat="46.031917" lon="9.460319"><ele>1544.415</ele><time>2026-03-31T15:19:02.974110488Z</time></trkpt><trkpt lat="46.031872" lon="9.460447"><ele>1539.609</ele><time>2026-03-31T15:19:22.974112682Z</time></trkpt><trkpt lat="46.031883" lon="9.460506"><ele>1537.352</ele><time>2026-03-31T15:19:42.974114856Z</time></trkpt><trkpt lat="46.031906" lon="9.460742"><ele>1525.818</ele><time>2026-03-31T15:20:02.974117Z</time></trkpt><trkpt lat="46.031894" lon="9.460855"><ele>1520.729</ele><time>2026-03-31T15:20:22.974119114Z</time></trkpt><trkpt lat="46.032084" lon="9.460892"><ele>1518.422</ele><time>2026-03-31T15:20:42.974121278Z</time></trkpt><trkpt lat="46.032114" lon="9.460994"><ele>1512.922</ele><time>2026-03-31T15:21:02.974123402Z</time></trkpt><trkpt lat="46.032103" lon="9.461128"><ele>1505.979</ele><time>2026-03-31T15:21:22.974125526Z</time></trkpt><trkpt lat="46.032207" lon="9.461193"><ele>1500.855</ele><time>2026-03-31T15:21:42.974127650Z</time></trkpt><trkpt lat="46.032419" lon="9.461472"><ele>1483.511</ele><time>2026-03-31T15:22:02.974129804Z</time></trkpt><trkpt lat="46.032430" lon="9.461649"><ele>1473.989</ele><time>2026-03-31T15:22:22.974131958Z</time></trkpt><trkpt lat="46.032479" lon="9.461729"><ele>1468.052</ele><time>2026-03-31T15:22:42.974134152Z</time></trkpt><trkpt lat="46.032564" lon="9.461763"><ele>1464.353</ele><time>2026-03-31T15:23:02.974136326Z</time></trkpt><trkpt lat="46.032635" lon="9.461876"><ele>1458.008</ele><time>2026-03-31T15:23:22.974138490Z</time></trkpt><trkpt lat="46.032646" lon="9.461980"><ele>1453.909</ele><time>2026-03-31T15:23:42.974140644Z</time></trkpt><trkpt lat="46.032715" lon="9.462082"><ele>1449.746</ele><time>2026-03-31T15:24:02.974142798Z</time></trkpt><trkpt lat="46.032914" lon="9.462162"><ele>1442.732</ele><time>2026-03-31T15:24:22.974145624Z</time></trkpt><trkpt lat="46.033003" lon="9.462296"><ele>1436.323</ele><time>2026-03-31T15:24:42.974147848Z</time></trkpt><trkpt lat="46.032971" lon="9.462398"><ele>1434.376</ele><time>2026-03-31T15:25:02.974149982Z</time></trkpt><trkpt lat="46.032968" lon="9.462518"><ele>1431.856</ele><time>2026-03-31T15:25:22.974152116Z</time></trkpt><trkpt lat="46.033122" lon="9.462448"><ele>1429.233</ele><time>2026-03-31T15:25:42.974154250Z</time></trkpt><trkpt lat="46.033325" lon="9.462376"><ele>1428.569</ele><time>2026-03-31T15:26:02.974156394Z</time></trkpt><trkpt lat="46.033531" lon="9.462332"><ele>1429.025</ele><time>2026-03-31T15:26:22.974158578Z</time></trkpt><trkpt lat="46.033734" lon="9.462343"><ele>1427.943</ele><time>2026-03-31T15:26:42.974160752Z</time></trkpt><trkpt lat="46.033800" lon="9.462330"><ele>1428.699</ele><time>2026-03-31T15:27:02.974162966Z</time></trkpt><trkpt lat="46.033847" lon="9.462359"><ele>1427.107</ele><time>2026-03-31T15:27:22.974165170Z</time></trkpt><trkpt lat="46.034011" lon="9.462359"><ele>1427.827</ele><time>2026-03-31T15:27:42.974167354Z</time></trkpt><trkpt lat="46.034066" lon="9.462392"><ele>1426.209</ele><time>2026-03-31T15:28:02.974169478Z</time></trkpt><trkpt lat="46.034166" lon="9.462347"><ele>1429.450</ele><time>2026-03-31T15:28:22.974171753Z</time></trkpt><trkpt lat="46.034385" lon="9.462481"><ele>1421.346</ele><time>2026-03-31T15:28:42.974173867Z</time></trkpt><trkpt lat="46.034488" lon="9.462690"><ele>1409.377</ele><time>2026-03-31T15:29:02.974176031Z</time></trkpt><trkpt lat="46.034611" lon="9.462818"><ele>1402.850</ele><time>2026-03-31T15:29:22.974185098Z</time></trkpt><trkpt lat="46.034640" lon="9.462896"><ele>1400.230</ele><time>2026-03-31T15:29:42.974188724Z</time></trkpt><trkpt lat="46.034757" lon="9.462912"><ele>1399.047</ele><time>2026-03-31T15:30:02.974192632Z</time></trkpt><trkpt lat="46.034863" lon="9.463012"><ele>1394.683</ele><time>2026-03-31T15:30:22.974196238Z</time></trkpt><trkpt lat="46.034911" lon="9.463103"><ele>1391.139</ele><time>2026-03-31T15:30:42.974198332Z</time></trkpt><trkpt lat="46.034995" lon="9.463191"><ele>1387.687</ele><time>2026-03-31T15:31:02.974200436Z</time></trkpt><trkpt lat="46.035106" lon="9.463197"><ele>1385.535</ele><time>2026-03-31T15:31:22.974202711Z</time></trkpt><trkpt lat="46.035276" lon="9.463019"><ele>1387.186</ele><time>2026-03-31T15:31:42.974204945Z</time></trkpt><trkpt lat="46.035356" lon="9.463028"><ele>1384.914</ele><time>2026-03-31T15:32:02.974207119Z</time></trkpt><trkpt lat="46.035405" lon="9.463113"><ele>1381.309</ele><time>2026-03-31T15:32:22.974209323Z</time></trkpt><trkpt lat="46.035549" lon="9.463202"><ele>1375.514</ele><time>2026-03-31T15:32:42.974211417Z</time></trkpt><trkpt lat="46.035703" lon="9.463157"><ele>1373.380</ele><time>2026-03-31T15:33:02.974213561Z</time></trkpt><trkpt lat="46.035938" lon="9.463017"><ele>1372.071</ele><time>2026-03-31T15:33:22.974215685Z</time></trkpt><trkpt lat="46.036123" lon="9.463010"><ele>1368.994</ele><time>2026-03-31T15:33:42.974217849Z</time></trkpt><trkpt lat="46.036259" lon="9.462908"><ele>1370.244</ele><time>2026-03-31T15:34:02.974219943Z</time></trkpt><trkpt lat="46.036328" lon="9.462922"><ele>1369.391</ele><time>2026-03-31T15:34:22.974222187Z</time></trkpt><trkpt lat="46.036376" lon="9.462965"><ele>1367.717</ele><time>2026-03-31T15:34:42.974224331Z</time></trkpt><trkpt lat="46.036465" lon="9.462973"><ele>1365.683</ele><time>2026-03-31T15:35:02.974226455Z</time></trkpt><trkpt lat="46.036649" lon="9.463033"><ele>1359.211</ele><time>2026-03-31T15:35:22.974228679Z</time></trkpt><trkpt lat="46.036750" lon="9.463111"><ele>1355.468</ele><time>2026-03-31T15:35:42.974230903Z</time></trkpt><trkpt lat="46.036822" lon="9.463132"><ele>1353.742</ele><time>2026-03-31T15:36:02.974233097Z</time></trkpt><trkpt lat="46.036834" lon="9.463178"><ele>1352.526</ele><time>2026-03-31T15:36:22.974235211Z</time></trkpt><trkpt lat="46.036766" lon="9.463270"><ele>1352.109</ele><time>2026-03-31T15:36:42.974237395Z</time></trkpt><trkpt lat="46.036710" lon="9.463340"><ele>1351.917</ele><time>2026-03-31T15:37:02.974239549Z</time></trkpt><trkpt lat="46.036645" lon="9.463402"><ele>1352.043</ele><time>2026-03-31T15:37:22.974241713Z</time></trkpt><trkpt lat="46.036612" lon="9.463458"><ele>1351.844</ele><time>2026-03-31T15:37:42.974243797Z</time></trkpt><trkpt lat="46.036506" lon="9.463552"><ele>1353.197</ele><time>2026-03-31T15:38:02.974245921Z</time></trkpt><trkpt lat="46.036461" lon="9.463573"><ele>1354.277</ele><time>2026-03-31T15:38:22.974248065Z</time></trkpt><trkpt lat="46.036461" lon="9.463616"><ele>1353.644</ele><time>2026-03-31T15:38:42.974250189Z</time></trkpt><trkpt lat="46.036495" lon="9.463659"><ele>1351.790</ele><time>2026-03-31T15:39:02.974252313Z</time></trkpt><trkpt lat="46.036593" lon="9.463715"><ele>1347.326</ele><time>2026-03-31T15:39:22.974254427Z</time></trkpt><trkpt lat="46.036645" lon="9.463747"><ele>1344.874</ele><time>2026-03-31T15:39:42.974256571Z</time></trkpt><trkpt lat="46.036887" lon="9.463781"><ele>1339.749</ele><time>2026-03-31T15:40:02.974258775Z</time></trkpt><trkpt lat="46.037040" lon="9.463722"><ele>1336.202</ele><time>2026-03-31T15:40:22.974260960Z</time></trkpt><trkpt lat="46.037129" lon="9.463778"><ele>1333.422</ele><time>2026-03-31T15:40:42.974263104Z</time></trkpt><trkpt lat="46.037205" lon="9.463733"><ele>1331.009</ele><time>2026-03-31T15:41:02.974265217Z</time></trkpt><trkpt lat="46.037282" lon="9.463717"><ele>1327.825</ele><time>2026-03-31T15:41:22.974267372Z</time></trkpt><trkpt lat="46.037384" lon="9.463647"><ele>1323.121</ele><time>2026-03-31T15:41:42.974269505Z</time></trkpt><trkpt lat="46.037508" lon="9.463636"><ele>1317.772</ele><time>2026-03-31T15:42:02.974271639Z</time></trkpt><trkpt lat="46.037688" lon="9.463573"><ele>1309.665</ele><time>2026-03-31T15:42:22.974273773Z</time></trkpt><trkpt lat="46.037768" lon="9.463495"><ele>1307.865</ele><time>2026-03-31T15:42:42.974275907Z</time></trkpt><trkpt lat="46.037942" lon="9.463513"><ele>1302.432</ele><time>2026-03-31T15:43:02.974278092Z</time></trkpt><trkpt lat="46.038052" lon="9.463446"><ele>1298.978</ele><time>2026-03-31T15:43:22.974280175Z</time></trkpt><trkpt lat="46.038213" lon="9.463449"><ele>1290.574</ele><time>2026-03-31T15:43:42.974282299Z</time></trkpt><trkpt lat="46.038316" lon="9.463433"><ele>1284.582</ele><time>2026-03-31T15:44:02.974284453Z</time></trkpt><trkpt lat="46.038459" lon="9.463462"><ele>1279.588</ele><time>2026-03-31T15:44:22.974286638Z</time></trkpt><trkpt lat="46.038504" lon="9.463502"><ele>1278.824</ele><time>2026-03-31T15:44:42.974288782Z</time></trkpt><trkpt lat="46.038568" lon="9.463430"><ele>1274.226</ele><time>2026-03-31T15:45:02.974290976Z</time></trkpt><trkpt lat="46.038642" lon="9.463387"><ele>1270.009</ele><time>2026-03-31T15:45:22.974293530Z</time></trkpt><trkpt lat="46.038761" lon="9.463390"><ele>1264.719</ele><time>2026-03-31T15:45:42.974295664Z</time></trkpt><trkpt lat="46.038828" lon="9.463392"><ele>1261.855</ele><time>2026-03-31T15:46:02.974297869Z</time></trkpt><trkpt lat="46.038932" lon="9.463394"><ele>1258.056</ele><time>2026-03-31T15:46:22.974300003Z</time></trkpt><trkpt lat="46.039055" lon="9.463393"><ele>1254.589</ele><time>2026-03-31T15:46:42.974302167Z</time></trkpt><trkpt lat="46.039215" lon="9.463385"><ele>1249.489</ele><time>2026-03-31T15:47:02.974304281Z</time></trkpt><trkpt lat="46.039304" lon="9.463385"><ele>1246.386</ele><time>2026-03-31T15:47:22.974306455Z</time></trkpt><trkpt lat="46.039428" lon="9.463465"><ele>1245.792</ele><time>2026-03-31T15:47:42.974309851Z</time></trkpt><trkpt lat="46.039487" lon="9.463529"><ele>1246.848</ele><time>2026-03-31T15:48:02.974312005Z</time></trkpt><trkpt lat="46.039615" lon="9.463505"><ele>1241.956</ele><time>2026-03-31T15:48:22.974314179Z</time></trkpt><trkpt lat="46.039677" lon="9.463537"><ele>1240.992</ele><time>2026-03-31T15:48:42.974316393Z</time></trkpt><trkpt lat="46.039788" lon="9.463585"><ele>1237.773</ele><time>2026-03-31T15:49:02.974318688Z</time></trkpt><trkpt lat="46.039973" lon="9.463486"><ele>1225.920</ele><time>2026-03-31T15:49:22.974320832Z</time></trkpt><trkpt lat="46.040178" lon="9.463546"><ele>1217.509</ele><time>2026-03-31T15:49:42.974322986Z</time></trkpt><trkpt lat="46.040377" lon="9.463773"><ele>1211.930</ele><time>2026-03-31T15:50:02.974325120Z</time></trkpt><trkpt lat="46.040370" lon="9.463591"><ele>1207.416</ele><time>2026-03-31T15:50:22.974327274Z</time></trkpt><trkpt lat="46.040416" lon="9.463666"><ele>1206.017</ele><time>2026-03-31T15:50:42.974329418Z</time></trkpt><trkpt lat="46.040479" lon="9.463693"><ele>1201.730</ele><time>2026-03-31T15:51:02.974331572Z</time></trkpt><trkpt lat="46.040530" lon="9.463783"><ele>1200.530</ele><time>2026-03-31T15:51:22.974333716Z</time></trkpt><trkpt lat="46.040575" lon="9.463692"><ele>1194.627</ele><time>2026-03-31T15:51:42.974335860Z</time></trkpt><trkpt lat="46.040679" lon="9.463740"><ele>1191.013</ele><time>2026-03-31T15:52:02.974337994Z</time></trkpt><trkpt lat="46.040816" lon="9.463869"><ele>1188.269</ele><time>2026-03-31T15:52:22.974340158Z</time></trkpt><trkpt lat="46.040885" lon="9.463866"><ele>1185.047</ele><time>2026-03-31T15:52:42.974343414Z</time></trkpt><trkpt lat="46.040893" lon="9.463939"><ele>1185.668</ele><time>2026-03-31T15:53:02.974347141Z</time></trkpt><trkpt lat="46.040956" lon="9.463989"><ele>1182.342</ele><time>2026-03-31T15:53:22.974350607Z</time></trkpt><trkpt lat="46.041006" lon="9.463941"><ele>1179.626</ele><time>2026-03-31T15:53:42.974353042Z</time></trkpt><trkpt lat="46.041028" lon="9.463888"><ele>1178.909</ele><time>2026-03-31T15:54:02.974355927Z</time></trkpt><trkpt lat="46.041028" lon="9.463788"><ele>1178.467</ele><time>2026-03-31T15:54:22.974358592Z</time></trkpt><trkpt lat="46.040960" lon="9.463614"><ele>1178.163</ele><time>2026-03-31T15:54:42.974367278Z</time></trkpt><trkpt lat="46.041069" lon="9.463644"><ele>1177.374</ele><time>2026-03-31T15:55:02.974369663Z</time></trkpt><trkpt lat="46.041160" lon="9.463703"><ele>1174.187</ele><time>2026-03-31T15:55:22.974371807Z</time></trkpt><trkpt lat="46.041291" lon="9.463777"><ele>1166.997</ele><time>2026-03-31T15:55:42.974375253Z</time></trkpt><trkpt lat="46.041489" lon="9.463868"><ele>1159.234</ele><time>2026-03-31T15:56:02.974378750Z</time></trkpt><trkpt lat="46.041541" lon="9.463836"><ele>1159.150</ele><time>2026-03-31T15:56:22.974380934Z</time></trkpt><trkpt lat="46.041582" lon="9.463774"><ele>1159.476</ele><time>2026-03-31T15:56:42.974383088Z</time></trkpt><trkpt lat="46.041692" lon="9.463817"><ele>1157.184</ele><time>2026-03-31T15:57:02.974385603Z</time></trkpt><trkpt lat="46.041763" lon="9.463747"><ele>1156.166</ele><time>2026-03-31T15:57:22.974388278Z</time></trkpt><trkpt lat="46.041809" lon="9.463583"><ele>1157.129</ele><time>2026-03-31T15:57:42.974390452Z</time></trkpt><trkpt lat="46.041962" lon="9.463562"><ele>1153.321</ele><time>2026-03-31T15:58:02.974392606Z</time></trkpt><trkpt lat="46.042053" lon="9.463607"><ele>1150.509</ele><time>2026-03-31T15:58:22.974394760Z</time></trkpt><trkpt lat="46.042243" lon="9.463632"><ele>1143.887</ele><time>2026-03-31T15:58:42.974396924Z</time></trkpt><trkpt lat="46.042274" lon="9.463570"><ele>1142.793</ele><time>2026-03-31T15:59:02.974399699Z</time></trkpt><trkpt lat="46.042348" lon="9.463533"><ele>1139.524</ele><time>2026-03-31T15:59:22.974401823Z</time></trkpt><trkpt lat="46.042477" lon="9.463509"><ele>1133.957</ele><time>2026-03-31T15:59:42.974403947Z</time></trkpt><trkpt lat="46.042546" lon="9.463592"><ele>1131.837</ele><time>2026-03-31T16:00:02.974406091Z</time></trkpt><trkpt lat="46.042588" lon="9.463651"><ele>1130.584</ele><time>2026-03-31T16:00:22.974408205Z</time></trkpt><trkpt lat="46.042590" lon="9.463790"><ele>1131.460</ele><time>2026-03-31T16:00:42.974410369Z</time></trkpt><trkpt lat="46.042542" lon="9.463889"><ele>1133.156</ele><time>2026-03-31T16:01:02.974412513Z</time></trkpt><trkpt lat="46.042618" lon="9.463935"><ele>1132.194</ele><time>2026-03-31T16:01:22.974414657Z</time></trkpt><trkpt lat="46.042609" lon="9.463994"><ele>1133.174</ele><time>2026-03-31T16:01:42.974416851Z</time></trkpt><trkpt lat="46.042622" lon="9.464029"><ele>1133.356</ele><time>2026-03-31T16:02:02.974419015Z</time></trkpt><trkpt lat="46.042663" lon="9.464061"><ele>1133.121</ele><time>2026-03-31T16:02:22.974421149Z</time></trkpt><trkpt lat="46.042808" lon="9.464241"><ele>1134.809</ele><time>2026-03-31T16:02:42.974423333Z</time></trkpt><trkpt lat="46.042851" lon="9.464273"><ele>1136.058</ele><time>2026-03-31T16:03:02.974425457Z</time></trkpt><trkpt lat="46.042957" lon="9.464249"><ele>1137.044</ele><time>2026-03-31T16:03:22.974427601Z</time></trkpt><trkpt lat="46.043188" lon="9.464028"><ele>1132.715</ele><time>2026-03-31T16:03:42.974429755Z</time></trkpt><trkpt lat="46.043278" lon="9.463840"><ele>1125.848</ele><time>2026-03-31T16:04:02.974431909Z</time></trkpt><trkpt lat="46.043285" lon="9.463795"><ele>1124.558</ele><time>2026-03-31T16:04:22.974434043Z</time></trkpt><trkpt lat="46.043330" lon="9.463693"><ele>1121.435</ele><time>2026-03-31T16:04:42.974436207Z</time></trkpt><trkpt lat="46.043434" lon="9.463583"><ele>1125.321</ele><time>2026-03-31T16:05:02.974438311Z</time></trkpt><trkpt lat="46.043440" lon="9.463508"><ele>1125.157</ele><time>2026-03-31T16:05:22.974440425Z</time></trkpt><trkpt lat="46.043469" lon="9.463443"><ele>1126.615</ele><time>2026-03-31T16:05:42.974442579Z</time></trkpt><trkpt lat="46.043520" lon="9.463480"><ele>1130.393</ele><time>2026-03-31T16:06:02.974444783Z</time></trkpt><trkpt lat="46.043559" lon="9.463445"><ele>1132.865</ele><time>2026-03-31T16:06:22.974446917Z</time></trkpt><trkpt lat="46.043589" lon="9.463515"><ele>1135.221</ele><time>2026-03-31T16:06:42.974449082Z</time></trkpt><trkpt lat="46.043687" lon="9.463614"><ele>1140.809</ele><time>2026-03-31T16:07:02.974451195Z</time></trkpt><trkpt lat="46.043724" lon="9.463537"><ele>1142.950</ele><time>2026-03-31T16:07:22.974454802Z</time></trkpt><trkpt lat="46.043752" lon="9.463620"><ele>1144.116</ele><time>2026-03-31T16:07:42.974458569Z</time></trkpt><trkpt lat="46.043895" lon="9.463271"><ele>1154.117</ele><time>2026-03-31T16:08:02.974461986Z</time></trkpt><trkpt lat="46.043952" lon="9.463338"><ele>1157.480</ele><time>2026-03-31T16:08:22.974465081Z</time></trkpt><trkpt lat="46.043947" lon="9.463432"><ele>1156.260</ele><time>2026-03-31T16:08:42.974467346Z</time></trkpt><trkpt lat="46.043988" lon="9.463539"><ele>1157.737</ele><time>2026-03-31T16:09:02.974469490Z</time></trkpt><trkpt lat="46.043995" lon="9.463588"><ele>1157.753</ele><time>2026-03-31T16:09:22.974471674Z</time></trkpt><trkpt lat="46.044130" lon="9.463782"><ele>1166.099</ele><time>2026-03-31T16:09:42.974475220Z</time></trkpt><trkpt lat="46.044120" lon="9.463844"><ele>1165.497</ele><time>2026-03-31T16:10:02.974479138Z</time></trkpt><trkpt lat="46.044161" lon="9.464086"><ele>1164.336</ele><time>2026-03-31T16:10:22.974482935Z</time></trkpt><trkpt lat="46.044148" lon="9.464195"><ele>1161.417</ele><time>2026-03-31T16:10:42.974487253Z</time></trkpt><trkpt lat="46.044152" lon="9.464284"><ele>1161.018</ele><time>2026-03-31T16:11:02.974490389Z</time></trkpt><trkpt lat="46.044111" lon="9.464362"><ele>1158.709</ele><time>2026-03-31T16:11:22.974492603Z</time></trkpt><trkpt lat="46.043977" lon="9.464396"><ele>1154.264</ele><time>2026-03-31T16:11:42.974494747Z</time></trkpt><trkpt lat="46.043906" lon="9.464425"><ele>1152.870</ele><time>2026-03-31T16:12:02.974496941Z</time></trkpt><trkpt lat="46.043817" lon="9.464417"><ele>1151.551</ele><time>2026-03-31T16:12:22.974500067Z</time></trkpt><trkpt lat="46.043735" lon="9.464399"><ele>1150.264</ele><time>2026-03-31T16:12:42.974502522Z</time></trkpt><trkpt lat="46.043696" lon="9.464421"><ele>1150.754</ele><time>2026-03-31T16:13:02.974504635Z</time></trkpt><trkpt lat="46.043577" lon="9.464421"><ele>1150.121</ele><time>2026-03-31T16:13:22.974506759Z</time></trkpt><trkpt lat="46.043513" lon="9.464539"><ele>1155.467</ele><time>2026-03-31T16:13:42.974508934Z</time></trkpt><trkpt lat="46.043404" lon="9.464651"><ele>1159.723</ele><time>2026-03-31T16:14:02.974511068Z</time></trkpt><trkpt lat="46.043355" lon="9.464732"><ele>1162.931</ele><time>2026-03-31T16:14:22.974513181Z</time></trkpt><trkpt lat="46.043306" lon="9.464751"><ele>1162.946</ele><time>2026-03-31T16:14:42.974515376Z</time></trkpt><trkpt lat="46.043197" lon="9.464847"><ele>1164.188</ele><time>2026-03-31T16:15:02.974519213Z</time></trkpt><trkpt lat="46.043098" lon="9.464880"><ele>1161.216</ele><time>2026-03-31T16:15:22.974523170Z</time></trkpt><trkpt lat="46.042991" lon="9.464976"><ele>1162.109</ele><time>2026-03-31T16:15:42.974525394Z</time></trkpt><trkpt lat="46.042816" lon="9.465078"><ele>1166.025</ele><time>2026-03-31T16:16:02.974527498Z</time></trkpt><trkpt lat="46.042732" lon="9.465153"><ele>1170.951</ele><time>2026-03-31T16:16:22.974529632Z</time></trkpt><trkpt lat="46.042634" lon="9.465354"><ele>1183.172</ele><time>2026-03-31T16:16:42.974531806Z</time></trkpt><trkpt lat="46.042502" lon="9.465481"><ele>1190.045</ele><time>2026-03-31T16:17:02.974534020Z</time></trkpt><trkpt lat="46.042374" lon="9.465556"><ele>1189.945</ele><time>2026-03-31T16:17:22.974536195Z</time></trkpt><trkpt lat="46.042327" lon="9.465607"><ele>1191.162</ele><time>2026-03-31T16:17:42.974538319Z</time></trkpt><trkpt lat="46.042186" lon="9.465626"><ele>1188.318</ele><time>2026-03-31T16:18:02.974541324Z</time></trkpt><trkpt lat="46.042042" lon="9.465562"><ele>1183.424</ele><time>2026-03-31T16:18:22.974543508Z</time></trkpt><trkpt lat="46.041962" lon="9.465581"><ele>1183.412</ele><time>2026-03-31T16:18:42.974545652Z</time></trkpt><trkpt lat="46.041900" lon="9.465649"><ele>1185.989</ele><time>2026-03-31T16:19:02.974547886Z</time></trkpt><trkpt lat="46.041870" lon="9.465745"><ele>1189.806</ele><time>2026-03-31T16:19:22.974550081Z</time></trkpt><trkpt lat="46.041732" lon="9.465968"><ele>1197.326</ele><time>2026-03-31T16:19:42.974557234Z</time></trkpt><trkpt lat="46.041645" lon="9.466002"><ele>1197.209</ele><time>2026-03-31T16:20:02.974560991Z</time></trkpt><trkpt lat="46.041507" lon="9.466114"><ele>1197.999</ele><time>2026-03-31T16:20:22.974564608Z</time></trkpt><trkpt lat="46.041449" lon="9.466157"><ele>1197.865</ele><time>2026-03-31T16:20:42.974568285Z</time></trkpt><trkpt lat="46.041397" lon="9.466173"><ele>1196.966</ele><time>2026-03-31T16:21:02.974570549Z</time></trkpt><trkpt lat="46.041341" lon="9.466256"><ele>1197.929</ele><time>2026-03-31T16:21:22.974572653Z</time></trkpt><trkpt lat="46.041268" lon="9.466313"><ele>1196.829</ele><time>2026-03-31T16:21:42.974574807Z</time></trkpt><trkpt lat="46.041197" lon="9.466352"><ele>1195.226</ele><time>2026-03-31T16:22:02.974576961Z</time></trkpt><trkpt lat="46.041127" lon="9.466478"><ele>1197.962</ele><time>2026-03-31T16:22:22.974579085Z</time></trkpt><trkpt lat="46.041043" lon="9.466618"><ele>1199.828</ele><time>2026-03-31T16:22:42.974581219Z</time></trkpt><trkpt lat="46.040993" lon="9.466746"><ele>1203.236</ele><time>2026-03-31T16:23:02.974583363Z</time></trkpt><trkpt lat="46.040790" lon="9.467017"><ele>1205.962</ele><time>2026-03-31T16:23:22.974585617Z</time></trkpt><trkpt lat="46.040579" lon="9.467354"><ele>1211.483</ele><time>2026-03-31T16:23:42.974587901Z</time></trkpt><trkpt lat="46.040435" lon="9.467572"><ele>1212.111</ele><time>2026-03-31T16:24:02.974590085Z</time></trkpt><trkpt lat="46.040344" lon="9.467628"><ele>1208.709</ele><time>2026-03-31T16:24:22.974592249Z</time></trkpt><trkpt lat="46.040301" lon="9.467711"><ele>1208.177</ele><time>2026-03-31T16:24:42.974594444Z</time></trkpt><trkpt lat="46.040294" lon="9.467805"><ele>1209.523</ele><time>2026-03-31T16:25:02.974596598Z</time></trkpt><trkpt lat="46.040316" lon="9.468028"><ele>1215.674</ele><time>2026-03-31T16:25:22.974598752Z</time></trkpt><trkpt lat="46.040268" lon="9.468180"><ele>1215.937</ele><time>2026-03-31T16:25:42.974600916Z</time></trkpt><trkpt lat="46.040249" lon="9.468330"><ele>1218.267</ele><time>2026-03-31T16:26:02.974603060Z</time></trkpt><trkpt lat="46.040191" lon="9.468371"><ele>1217.874</ele><time>2026-03-31T16:26:22.974605304Z</time></trkpt><trkpt lat="46.040144" lon="9.468387"><ele>1217.010</ele><time>2026-03-31T16:26:42.974607728Z</time></trkpt><trkpt lat="46.040038" lon="9.468354"><ele>1213.436</ele><time>2026-03-31T16:27:02.974609872Z</time></trkpt><trkpt lat="46.039902" lon="9.468544"><ele>1213.994</ele><time>2026-03-31T16:27:22.974612026Z</time></trkpt><trkpt lat="46.039824" lon="9.468686"><ele>1215.851</ele><time>2026-03-31T16:27:42.974614231Z</time></trkpt><trkpt lat="46.039787" lon="9.468810"><ele>1218.701</ele><time>2026-03-31T16:28:02.974616415Z</time></trkpt><trkpt lat="46.039781" lon="9.469067"><ele>1226.611</ele><time>2026-03-31T16:28:22.974618549Z</time></trkpt><trkpt lat="46.039790" lon="9.469400"><ele>1237.109</ele><time>2026-03-31T16:28:42.974620723Z</time></trkpt><trkpt lat="46.039800" lon="9.469597"><ele>1241.836</ele><time>2026-03-31T16:29:02.974622887Z</time></trkpt><trkpt lat="46.039826" lon="9.469755"><ele>1245.552</ele><time>2026-03-31T16:29:22.974625031Z</time></trkpt><trkpt lat="46.039856" lon="9.470032"><ele>1251.263</ele><time>2026-03-31T16:29:42.974627155Z</time></trkpt><trkpt lat="46.039848" lon="9.470144"><ele>1253.646</ele><time>2026-03-31T16:30:02.974629269Z</time></trkpt><trkpt lat="46.039819" lon="9.470326"><ele>1256.776</ele><time>2026-03-31T16:30:22.974631433Z</time></trkpt><trkpt lat="46.039811" lon="9.470884"><ele>1264.123</ele><time>2026-03-31T16:30:42.974633577Z</time></trkpt><trkpt lat="46.039833" lon="9.471163"><ele>1264.719</ele><time>2026-03-31T16:31:02.974635721Z</time></trkpt><trkpt lat="46.039787" lon="9.471575"><ele>1260.315</ele><time>2026-03-31T16:31:22.974637835Z</time></trkpt><trkpt lat="46.039735" lon="9.471865"><ele>1258.413</ele><time>2026-03-31T16:31:42.974639999Z</time></trkpt><trkpt lat="46.039567" lon="9.472176"><ele>1254.316</ele><time>2026-03-31T16:32:02.974642183Z</time></trkpt><trkpt lat="46.039333" lon="9.472557"><ele>1250.176</ele><time>2026-03-31T16:32:22.974644337Z</time></trkpt><trkpt lat="46.039188" lon="9.472948"><ele>1250.413</ele><time>2026-03-31T16:32:42.974646541Z</time></trkpt><trkpt lat="46.039147" lon="9.472976"><ele>1249.609</ele><time>2026-03-31T16:33:02.974648645Z</time></trkpt><trkpt lat="46.039069" lon="9.472966"><ele>1247.272</ele><time>2026-03-31T16:33:22.974650829Z</time></trkpt><trkpt lat="46.038950" lon="9.472971"><ele>1243.868</ele><time>2026-03-31T16:33:42.974653454Z</time></trkpt><trkpt lat="46.038894" lon="9.473062"><ele>1243.319</ele><time>2026-03-31T16:34:02.974655608Z</time></trkpt><trkpt lat="46.038872" lon="9.473362"><ele>1247.992</ele><time>2026-03-31T16:34:22.974657792Z</time></trkpt><trkpt lat="46.038831" lon="9.473486"><ele>1248.372</ele><time>2026-03-31T16:34:42.974659926Z</time></trkpt><trkpt lat="46.038753" lon="9.473641"><ele>1248.489</ele><time>2026-03-31T16:35:02.974662080Z</time></trkpt><trkpt lat="46.038638" lon="9.474022"><ele>1250.275</ele><time>2026-03-31T16:35:22.974664244Z</time></trkpt><trkpt lat="46.038604" lon="9.474204"><ele>1251.591</ele><time>2026-03-31T16:35:42.974666388Z</time></trkpt><trkpt lat="46.038489" lon="9.474188"><ele>1252.769</ele><time>2026-03-31T16:36:02.974668863Z</time></trkpt><trkpt lat="46.038389" lon="9.474100"><ele>1251.971</ele><time>2026-03-31T16:36:22.974672780Z</time></trkpt><trkpt lat="46.038311" lon="9.473923"><ele>1247.741</ele><time>2026-03-31T16:36:42.974680394Z</time></trkpt><trkpt lat="46.038263" lon="9.473912"><ele>1247.115</ele><time>2026-03-31T16:37:02.974684412Z</time></trkpt><trkpt lat="46.038162" lon="9.474004"><ele>1248.909</ele><time>2026-03-31T16:37:22.974688229Z</time></trkpt><trkpt lat="46.038095" lon="9.474250"><ele>1255.538</ele><time>2026-03-31T16:37:42.974692116Z</time></trkpt><trkpt lat="46.037969" lon="9.474475"><ele>1260.864</ele><time>2026-03-31T16:38:02.974695763Z</time></trkpt><trkpt lat="46.037939" lon="9.474695"><ele>1265.265</ele><time>2026-03-31T16:38:22.974698919Z</time></trkpt><trkpt lat="46.037913" lon="9.474867"><ele>1268.288</ele><time>2026-03-31T16:38:42.974701063Z</time></trkpt><trkpt lat="46.037921" lon="9.475296"><ele>1279.738</ele><time>2026-03-31T16:39:02.974704379Z</time></trkpt><trkpt lat="46.037846" lon="9.475655"><ele>1282.755</ele><time>2026-03-31T16:39:22.974706573Z</time></trkpt><trkpt lat="46.037757" lon="9.475800"><ele>1280.421</ele><time>2026-03-31T16:39:42.974708767Z</time></trkpt><trkpt lat="46.037705" lon="9.475940"><ele>1281.357</ele><time>2026-03-31T16:40:02.974710972Z</time></trkpt><trkpt lat="46.037790" lon="9.476192"><ele>1291.185</ele><time>2026-03-31T16:40:22.974713256Z</time></trkpt><trkpt lat="46.037783" lon="9.476369"><ele>1293.914</ele><time>2026-03-31T16:40:42.974715580Z</time></trkpt><trkpt lat="46.037689" lon="9.476625"><ele>1297.254</ele><time>2026-03-31T16:41:02.974717905Z</time></trkpt><trkpt lat="46.037499" lon="9.476920"><ele>1299.209</ele><time>2026-03-31T16:41:22.974720169Z</time></trkpt><trkpt lat="46.037354" lon="9.477167"><ele>1301.609</ele><time>2026-03-31T16:41:42.974722333Z</time></trkpt><trkpt lat="46.037038" lon="9.477585"><ele>1302.912</ele><time>2026-03-31T16:42:02.974724497Z</time></trkpt><trkpt lat="46.036967" lon="9.477735"><ele>1304.568</ele><time>2026-03-31T16:42:22.974726701Z</time></trkpt><trkpt lat="46.036730" lon="9.478096"><ele>1306.559</ele><time>2026-03-31T16:42:42.974728885Z</time></trkpt><trkpt lat="46.036626" lon="9.478353"><ele>1308.592</ele><time>2026-03-31T16:43:02.974731099Z</time></trkpt><trkpt lat="46.036555" lon="9.478476"><ele>1308.992</ele><time>2026-03-31T16:43:22.974733303Z</time></trkpt><trkpt lat="46.036351" lon="9.479013"><ele>1316.659</ele><time>2026-03-31T16:43:42.974735467Z</time></trkpt><trkpt lat="46.036179" lon="9.479302"><ele>1319.345</ele><time>2026-03-31T16:44:02.974737662Z</time></trkpt><trkpt lat="46.035920" lon="9.479622"><ele>1319.981</ele><time>2026-03-31T16:44:22.974739856Z</time></trkpt><trkpt lat="46.035634" lon="9.480009"><ele>1320.559</ele><time>2026-03-31T16:44:42.974742090Z</time></trkpt><trkpt lat="46.035533" lon="9.480105"><ele>1318.547</ele><time>2026-03-31T16:45:02.974750365Z</time></trkpt><trkpt lat="46.035481" lon="9.480196"><ele>1319.629</ele><time>2026-03-31T16:45:22.974753682Z</time></trkpt><trkpt lat="46.035367" lon="9.480651"><ele>1324.621</ele><time>2026-03-31T16:45:42.974755906Z</time></trkpt><trkpt lat="46.035259" lon="9.481037"><ele>1328.209</ele><time>2026-03-31T16:46:02.974758090Z</time></trkpt><trkpt lat="46.035028" lon="9.481407"><ele>1335.795</ele><time>2026-03-31T16:46:22.974760284Z</time></trkpt><trkpt lat="46.034720" lon="9.481540"><ele>1330.861</ele><time>2026-03-31T16:46:42.974762458Z</time></trkpt><trkpt lat="46.034404" lon="9.481996"><ele>1339.962</ele><time>2026-03-31T16:47:02.974764642Z</time></trkpt><trkpt lat="46.034322" lon="9.482114"><ele>1339.865</ele><time>2026-03-31T16:47:22.974766866Z</time></trkpt><trkpt lat="46.034255" lon="9.482377"><ele>1343.995</ele><time>2026-03-31T16:47:42.974768990Z</time></trkpt><trkpt lat="46.034226" lon="9.482645"><ele>1349.362</ele><time>2026-03-31T16:48:02.974771214Z</time></trkpt><trkpt lat="46.034267" lon="9.482699"><ele>1352.538</ele><time>2026-03-31T16:48:22.974773388Z</time></trkpt><trkpt lat="46.034542" lon="9.482538"><ele>1361.414</ele><time>2026-03-31T16:48:42.974775572Z</time></trkpt><trkpt lat="46.034531" lon="9.482806"><ele>1366.872</ele><time>2026-03-31T16:49:02.974777807Z</time></trkpt><trkpt lat="46.034460" lon="9.483047"><ele>1367.661</ele><time>2026-03-31T16:49:22.974780091Z</time></trkpt><trkpt lat="46.034453" lon="9.483289"><ele>1370.121</ele><time>2026-03-31T16:49:42.974782365Z</time></trkpt><trkpt lat="46.034408" lon="9.483466"><ele>1370.913</ele><time>2026-03-31T16:50:02.974784569Z</time></trkpt><trkpt lat="46.034393" lon="9.483573"><ele>1372.109</ele><time>2026-03-31T16:50:22.974786813Z</time></trkpt><trkpt lat="46.034338" lon="9.483782"><ele>1373.497</ele><time>2026-03-31T16:50:42.974789048Z</time></trkpt><trkpt lat="46.034185" lon="9.483986"><ele>1372.963</ele><time>2026-03-31T16:51:02.974791222Z</time></trkpt><trkpt lat="46.034137" lon="9.484115"><ele>1373.934</ele><time>2026-03-31T16:51:22.974793426Z</time></trkpt><trkpt lat="46.034148" lon="9.484168"><ele>1374.877</ele><time>2026-03-31T16:51:42.974795600Z</time></trkpt><trkpt lat="46.034085" lon="9.484345"><ele>1376.927</ele><time>2026-03-31T16:52:02.974797814Z</time></trkpt><trkpt lat="46.034088" lon="9.484474"><ele>1379.474</ele><time>2026-03-31T16:52:22.974799978Z</time></trkpt><trkpt lat="46.034059" lon="9.484715"><ele>1386.870</ele><time>2026-03-31T16:52:42.974802182Z</time></trkpt><trkpt lat="46.034085" lon="9.484849"><ele>1392.456</ele><time>2026-03-31T16:53:02.974804356Z</time></trkpt><trkpt lat="46.033969" lon="9.485118"><ele>1399.454</ele><time>2026-03-31T16:53:22.974806560Z</time></trkpt><trkpt lat="46.034036" lon="9.485273"><ele>1405.533</ele><time>2026-03-31T16:53:42.974808815Z</time></trkpt><trkpt lat="46.033962" lon="9.485606"><ele>1415.123</ele><time>2026-03-31T16:54:02.974811019Z</time></trkpt><trkpt lat="46.034077" lon="9.485888"><ele>1428.715</ele><time>2026-03-31T16:54:22.974813253Z</time></trkpt><trkpt lat="46.034226" lon="9.486151"><ele>1447.509</ele><time>2026-03-31T16:54:42.974815457Z</time></trkpt><trkpt lat="46.034326" lon="9.486253"><ele>1461.664</ele><time>2026-03-31T16:55:02.974817641Z</time></trkpt><trkpt lat="46.034330" lon="9.486345"><ele>1466.930</ele><time>2026-03-31T16:55:22.974819885Z</time></trkpt><trkpt lat="46.034189" lon="9.486291"><ele>1452.811</ele><time>2026-03-31T16:55:42.974822100Z</time></trkpt><trkpt lat="46.033768" lon="9.486425"><ele>1443.214</ele><time>2026-03-31T16:56:02.974824324Z</time></trkpt><trkpt lat="46.033861" lon="9.486527"><ele>1447.574</ele><time>2026-03-31T16:56:22.974826518Z</time></trkpt><trkpt lat="46.034003" lon="9.486640"><ele>1460.931</ele><time>2026-03-31T16:56:42.974828742Z</time></trkpt><trkpt lat="46.034114" lon="9.486693"><ele>1471.537</ele><time>2026-03-31T16:57:02.974831377Z</time></trkpt><trkpt lat="46.034085" lon="9.486741"><ele>1472.723</ele><time>2026-03-31T16:57:22.974833541Z</time></trkpt><trkpt lat="46.033642" lon="9.486752"><ele>1453.771</ele><time>2026-03-31T16:57:42.974835735Z</time></trkpt><trkpt lat="46.033664" lon="9.486838"><ele>1456.551</ele><time>2026-03-31T16:58:02.974837999Z</time></trkpt><trkpt lat="46.033798" lon="9.486892"><ele>1461.601</ele><time>2026-03-31T16:58:22.974840233Z</time></trkpt><trkpt lat="46.033951" lon="9.487004"><ele>1474.911</ele><time>2026-03-31T16:58:42.974842458Z</time></trkpt><trkpt lat="46.034033" lon="9.487017"><ele>1483.809</ele><time>2026-03-31T16:59:02.974844742Z</time></trkpt><trkpt lat="46.034061" lon="9.487057"><ele>1488.136</ele><time>2026-03-31T16:59:22.974846986Z</time></trkpt><trkpt lat="46.034044" lon="9.487097"><ele>1487.912</ele><time>2026-03-31T16:59:42.974849150Z</time></trkpt><trkpt lat="46.033963" lon="9.487100"><ele>1480.033</ele><time>2026-03-31T17:00:02.974851404Z</time></trkpt><trkpt lat="46.033871" lon="9.487086"><ele>1471.596</ele><time>2026-03-31T17:00:22.974853608Z</time></trkpt><trkpt lat="46.033652" lon="9.487177"><ele>1467.896</ele><time>2026-03-31T17:00:42.974855833Z</time></trkpt><trkpt lat="46.033586" lon="9.487185"><ele>1467.773</ele><time>2026-03-31T17:01:02.974858007Z</time></trkpt><trkpt lat="46.033532" lon="9.487158"><ele>1468.849</ele><time>2026-03-31T17:01:22.974860221Z</time></trkpt><trkpt lat="46.033449" lon="9.487180"><ele>1473.035</ele><time>2026-03-31T17:01:42.974862415Z</time></trkpt><trkpt lat="46.033424" lon="9.487209"><ele>1475.433</ele><time>2026-03-31T17:02:02.974864659Z</time></trkpt><trkpt lat="46.033439" lon="9.487239"><ele>1476.182</ele><time>2026-03-31T17:02:22.974866963Z</time></trkpt><trkpt lat="46.033534" lon="9.487274"><ele>1473.543</ele><time>2026-03-31T17:02:42.974869168Z</time></trkpt><trkpt lat="46.033770" lon="9.487416"><ele>1481.717</ele><time>2026-03-31T17:03:02.974871352Z</time></trkpt><trkpt lat="46.033988" lon="9.487533"><ele>1500.309</ele><time>2026-03-31T17:03:22.974873536Z</time></trkpt><trkpt lat="46.034081" lon="9.487517"><ele>1508.489</ele><time>2026-03-31T17:03:42.974875670Z</time></trkpt><trkpt lat="46.034187" lon="9.487503"><ele>1516.625</ele><time>2026-03-31T17:04:02.974877894Z</time></trkpt><trkpt lat="46.034323" lon="9.487418"><ele>1517.176</ele><time>2026-03-31T17:04:22.974880088Z</time></trkpt><trkpt lat="46.034463" lon="9.487289"><ele>1516.959</ele><time>2026-03-31T17:04:42.974882242Z</time></trkpt><trkpt lat="46.034507" lon="9.487190"><ele>1513.859</ele><time>2026-03-31T17:05:02.974884466Z</time></trkpt><trkpt lat="46.034502" lon="9.487080"><ele>1510.746</ele><time>2026-03-31T17:05:22.974886640Z</time></trkpt><trkpt lat="46.034502" lon="9.486957"><ele>1507.292</ele><time>2026-03-31T17:05:42.974888824Z</time></trkpt><trkpt lat="46.034513" lon="9.486906"><ele>1505.658</ele><time>2026-03-31T17:06:02.974891008Z</time></trkpt><trkpt lat="46.034563" lon="9.486852"><ele>1503.996</ele><time>2026-03-31T17:06:22.974893203Z</time></trkpt><trkpt lat="46.034584" lon="9.486742"><ele>1500.762</ele><time>2026-03-31T17:06:42.974895487Z</time></trkpt><trkpt lat="46.034645" lon="9.486659"><ele>1497.983</ele><time>2026-03-31T17:07:02.974897761Z</time></trkpt><trkpt lat="46.034758" lon="9.486695"><ele>1497.611</ele><time>2026-03-31T17:07:22.974899985Z</time></trkpt><trkpt lat="46.034823" lon="9.486711"><ele>1495.809</ele><time>2026-03-31T17:07:42.974902189Z</time></trkpt><trkpt lat="46.034845" lon="9.486797"><ele>1497.737</ele><time>2026-03-31T17:08:02.974904414Z</time></trkpt><trkpt lat="46.034827" lon="9.486832"><ele>1499.493</ele><time>2026-03-31T17:08:22.974906608Z</time></trkpt><trkpt lat="46.034780" lon="9.486854"><ele>1501.664</ele><time>2026-03-31T17:08:42.974908802Z</time></trkpt><trkpt lat="46.034734" lon="9.486856"><ele>1503.127</ele><time>2026-03-31T17:09:02.974911046Z</time></trkpt><trkpt lat="46.034693" lon="9.486870"><ele>1504.017</ele><time>2026-03-31T17:09:22.974913260Z</time></trkpt><trkpt lat="46.034694" lon="9.486956"><ele>1506.414</ele><time>2026-03-31T17:09:42.974915474Z</time></trkpt><trkpt lat="46.034741" lon="9.486994"><ele>1506.980</ele><time>2026-03-31T17:10:02.974917718Z</time></trkpt><trkpt lat="46.034795" lon="9.487031"><ele>1506.436</ele><time>2026-03-31T17:10:22.974925343Z</time></trkpt><trkpt lat="46.034882" lon="9.487061"><ele>1504.874</ele><time>2026-03-31T17:10:42.974929070Z</time></trkpt><trkpt lat="46.034955" lon="9.487112"><ele>1504.152</ele><time>2026-03-31T17:11:02.974932777Z</time></trkpt><trkpt lat="46.035033" lon="9.487151"><ele>1502.853</ele><time>2026-03-31T17:11:22.974936794Z</time></trkpt><trkpt lat="46.035074" lon="9.487218"><ele>1503.208</ele><time>2026-03-31T17:11:42.974939670Z</time></trkpt><trkpt lat="46.035132" lon="9.487341"><ele>1504.309</ele><time>2026-03-31T17:12:02.974941874Z</time></trkpt><trkpt lat="46.035188" lon="9.487445"><ele>1504.076</ele><time>2026-03-31T17:12:22.974944068Z</time></trkpt><trkpt lat="46.035227" lon="9.487515"><ele>1503.642</ele><time>2026-03-31T17:12:42.974946332Z</time></trkpt><trkpt lat="46.035283" lon="9.487644"><ele>1506.483</ele><time>2026-03-31T17:13:02.974948476Z</time></trkpt><trkpt lat="46.035340" lon="9.487887"><ele>1516.956</ele><time>2026-03-31T17:13:22.974950750Z</time></trkpt><trkpt lat="46.035396" lon="9.488207"><ele>1529.646</ele><time>2026-03-31T17:13:42.974952944Z</time></trkpt><trkpt lat="46.035426" lon="9.488343"><ele>1535.143</ele><time>2026-03-31T17:14:02.974955179Z</time></trkpt><trkpt lat="46.035560" lon="9.488621"><ele>1541.339</ele><time>2026-03-31T17:14:22.974957413Z</time></trkpt><trkpt lat="46.035647" lon="9.488670"><ele>1541.885</ele><time>2026-03-31T17:14:42.974959627Z</time></trkpt><trkpt lat="46.035824" lon="9.489019"><ele>1541.483</ele><time>2026-03-31T17:15:02.974961801Z</time></trkpt><trkpt lat="46.035982" lon="9.489341"><ele>1549.062</ele><time>2026-03-31T17:15:22.974964075Z</time></trkpt><trkpt lat="46.035990" lon="9.489513"><ele>1552.283</ele><time>2026-03-31T17:15:42.974966319Z</time></trkpt><trkpt lat="46.036099" lon="9.489749"><ele>1553.711</ele><time>2026-03-31T17:16:02.974968554Z</time></trkpt><trkpt lat="46.036174" lon="9.490207"><ele>1558.809</ele><time>2026-03-31T17:16:22.974970748Z</time></trkpt><trkpt lat="46.036271" lon="9.490628"><ele>1560.627</ele><time>2026-03-31T17:16:42.974972942Z</time></trkpt><trkpt lat="46.036310" lon="9.490813"><ele>1561.323</ele><time>2026-03-31T17:17:02.974975126Z</time></trkpt><trkpt lat="46.036354" lon="9.490934"><ele>1560.984</ele><time>2026-03-31T17:17:22.974977330Z</time></trkpt><trkpt lat="46.036423" lon="9.491047"><ele>1562.067</ele><time>2026-03-31T17:17:42.974979564Z</time></trkpt><trkpt lat="46.036438" lon="9.491160"><ele>1562.797</ele><time>2026-03-31T17:18:02.974981798Z</time></trkpt><trkpt lat="46.036440" lon="9.491272"><ele>1563.164</ele><time>2026-03-31T17:18:22.974984043Z</time></trkpt><trkpt lat="46.036403" lon="9.491481"><ele>1562.280</ele><time>2026-03-31T17:18:42.974986257Z</time></trkpt><trkpt lat="46.036394" lon="9.491786"><ele>1566.546</ele><time>2026-03-31T17:19:02.974988431Z</time></trkpt><trkpt lat="46.036468" lon="9.491953"><ele>1574.014</ele><time>2026-03-31T17:19:22.974990625Z</time></trkpt><trkpt lat="46.036505" lon="9.492151"><ele>1579.853</ele><time>2026-03-31T17:19:42.974992909Z</time></trkpt><trkpt lat="46.036490" lon="9.492215"><ele>1580.104</ele><time>2026-03-31T17:20:02.974995925Z</time></trkpt><trkpt lat="46.036441" lon="9.492438"><ele>1581.414</ele><time>2026-03-31T17:20:22.974998139Z</time></trkpt><trkpt lat="46.036437" lon="9.492511"><ele>1582.609</ele><time>2026-03-31T17:20:42.975000363Z</time></trkpt><trkpt lat="46.036457" lon="9.492607"><ele>1586.736</ele><time>2026-03-31T17:21:02.975002517Z</time></trkpt><trkpt lat="46.036526" lon="9.492645"><ele>1591.872</ele><time>2026-03-31T17:21:22.975004721Z</time></trkpt><trkpt lat="46.036656" lon="9.492508"><ele>1597.443</ele><time>2026-03-31T17:21:42.975006935Z</time></trkpt><trkpt lat="46.036668" lon="9.492457"><ele>1597.186</ele><time>2026-03-31T17:22:02.975009170Z</time></trkpt><trkpt lat="46.036751" lon="9.492384"><ele>1604.516</ele><time>2026-03-31T17:22:22.975011334Z</time></trkpt><trkpt lat="46.036781" lon="9.492315"><ele>1606.853</ele><time>2026-03-31T17:22:42.975013538Z</time></trkpt><trkpt lat="46.036900" lon="9.492172"><ele>1620.339</ele><time>2026-03-31T17:23:02.975015742Z</time></trkpt><trkpt lat="46.036906" lon="9.492116"><ele>1620.925</ele><time>2026-03-31T17:23:22.975017976Z</time></trkpt><trkpt lat="46.036932" lon="9.492071"><ele>1624.373</ele><time>2026-03-31T17:23:42.975020180Z</time></trkpt><trkpt lat="46.036935" lon="9.491974"><ele>1624.796</ele><time>2026-03-31T17:24:02.975022404Z</time></trkpt><trkpt lat="46.036961" lon="9.491840"><ele>1626.531</ele><time>2026-03-31T17:24:22.975024598Z</time></trkpt><trkpt lat="46.037027" lon="9.491676"><ele>1631.224</ele><time>2026-03-31T17:24:42.975026823Z</time></trkpt><trkpt lat="46.037043" lon="9.491428"><ele>1631.609</ele><time>2026-03-31T17:25:02.975029057Z</time></trkpt><trkpt lat="46.037104" lon="9.491265"><ele>1635.010</ele><time>2026-03-31T17:25:22.975031321Z</time></trkpt><trkpt lat="46.037147" lon="9.491190"><ele>1638.096</ele><time>2026-03-31T17:25:42.975033535Z</time></trkpt><trkpt lat="46.037151" lon="9.491096"><ele>1637.847</ele><time>2026-03-31T17:26:02.975035749Z</time></trkpt><trkpt lat="46.037255" lon="9.490790"><ele>1645.810</ele><time>2026-03-31T17:26:22.975038004Z</time></trkpt><trkpt lat="46.037261" lon="9.490739"><ele>1646.180</ele><time>2026-03-31T17:26:42.975040238Z</time></trkpt><trkpt lat="46.037287" lon="9.490559"><ele>1647.047</ele><time>2026-03-31T17:27:02.975042372Z</time></trkpt><trkpt lat="46.037276" lon="9.490498"><ele>1646.563</ele><time>2026-03-31T17:27:22.975044546Z</time></trkpt><trkpt lat="46.037294" lon="9.490399"><ele>1648.139</ele><time>2026-03-31T17:27:42.975046750Z</time></trkpt><trkpt lat="46.037294" lon="9.490305"><ele>1648.697</ele><time>2026-03-31T17:28:02.975049004Z</time></trkpt><trkpt lat="46.037313" lon="9.490149"><ele>1650.026</ele><time>2026-03-31T17:28:22.975051308Z</time></trkpt><trkpt lat="46.037302" lon="9.489924"><ele>1648.747</ele><time>2026-03-31T17:28:42.975053533Z</time></trkpt><trkpt lat="46.037261" lon="9.489752"><ele>1644.011</ele><time>2026-03-31T17:29:02.975055697Z</time></trkpt><trkpt lat="46.037261" lon="9.489522"><ele>1644.709</ele><time>2026-03-31T17:29:22.975057931Z</time></trkpt><trkpt lat="46.037331" lon="9.489403"><ele>1654.673</ele><time>2026-03-31T17:29:42.975060115Z</time></trkpt><trkpt lat="46.037396" lon="9.489170"><ele>1667.569</ele><time>2026-03-31T17:30:02.975062299Z</time></trkpt><trkpt lat="46.037411" lon="9.488995"><ele>1673.450</ele><time>2026-03-31T17:30:22.975064513Z</time></trkpt><trkpt lat="46.037533" lon="9.488484"><ele>1698.963</ele><time>2026-03-31T17:30:42.975066727Z</time></trkpt><trkpt lat="46.037527" lon="9.488283"><ele>1700.133</ele><time>2026-03-31T17:31:02.975068921Z</time></trkpt><trkpt lat="46.037531" lon="9.488085"><ele>1702.880</ele><time>2026-03-31T17:31:22.975071095Z</time></trkpt><trkpt lat="46.037514" lon="9.487999"><ele>1702.396</ele><time>2026-03-31T17:31:42.975073300Z</time></trkpt><trkpt lat="46.037512" lon="9.487937"><ele>1702.632</ele><time>2026-03-31T17:32:02.975075524Z</time></trkpt><trkpt lat="46.037378" lon="9.487420"><ele>1693.830</ele><time>2026-03-31T17:32:22.975077758Z</time></trkpt><trkpt lat="46.037367" lon="9.487208"><ele>1690.692</ele><time>2026-03-31T17:32:42.975080012Z</time></trkpt><trkpt lat="46.037380" lon="9.487098"><ele>1688.873</ele><time>2026-03-31T17:33:02.975082246Z</time></trkpt><trkpt lat="46.037417" lon="9.487052"><ele>1691.520</ele><time>2026-03-31T17:33:22.975084501Z</time></trkpt><trkpt lat="46.037478" lon="9.486814"><ele>1692.509</ele><time>2026-03-31T17:33:42.975086705Z</time></trkpt><trkpt lat="46.037548" lon="9.486716"><ele>1693.060</ele><time>2026-03-31T17:34:02.975088929Z</time></trkpt><trkpt lat="46.037552" lon="9.486474"><ele>1680.946</ele><time>2026-03-31T17:34:22.975091153Z</time></trkpt><trkpt lat="46.037531" lon="9.486370"><ele>1674.437</ele><time>2026-03-31T17:34:42.975093297Z</time></trkpt><trkpt lat="46.037557" lon="9.486324"><ele>1674.780</ele><time>2026-03-31T17:35:02.975095491Z</time></trkpt><trkpt lat="46.037585" lon="9.486295"><ele>1675.530</ele><time>2026-03-31T17:35:22.975097715Z</time></trkpt><trkpt lat="46.037606" lon="9.486244"><ele>1675.297</ele><time>2026-03-31T17:35:42.975106101Z</time></trkpt><trkpt lat="46.037563" lon="9.486201"><ele>1671.773</ele><time>2026-03-31T17:36:02.975108816Z</time></trkpt><trkpt lat="46.037464" lon="9.486187"><ele>1665.769</ele><time>2026-03-31T17:36:22.975110980Z</time></trkpt><trkpt lat="46.037386" lon="9.486123"><ele>1660.467</ele><time>2026-03-31T17:36:42.975113264Z</time></trkpt><trkpt lat="46.037446" lon="9.486083"><ele>1664.631</ele><time>2026-03-31T17:37:02.975115569Z</time></trkpt><trkpt lat="46.037403" lon="9.485992"><ele>1666.861</ele><time>2026-03-31T17:37:22.975117783Z</time></trkpt><trkpt lat="46.037473" lon="9.485938"><ele>1672.807</ele><time>2026-03-31T17:37:42.975120027Z</time></trkpt><trkpt lat="46.037550" lon="9.485930"><ele>1677.209</ele><time>2026-03-31T17:38:02.975122301Z</time></trkpt><trkpt lat="46.037684" lon="9.485909"><ele>1685.714</ele><time>2026-03-31T17:38:22.975124495Z</time></trkpt><trkpt lat="46.037804" lon="9.485968"><ele>1689.950</ele><time>2026-03-31T17:38:42.975126770Z</time></trkpt><trkpt lat="46.037838" lon="9.485998"><ele>1691.221</ele><time>2026-03-31T17:39:02.975128984Z</time></trkpt><trkpt lat="46.038076" lon="9.485971"><ele>1712.464</ele><time>2026-03-31T17:39:22.975131148Z</time></trkpt><trkpt lat="46.038090" lon="9.485741"><ele>1725.154</ele><time>2026-03-31T17:39:42.975133382Z</time></trkpt><trkpt lat="46.038071" lon="9.485631"><ele>1729.251</ele><time>2026-03-31T17:40:02.975135546Z</time></trkpt><trkpt lat="46.038090" lon="9.485567"><ele>1733.027</ele><time>2026-03-31T17:40:22.975137740Z</time></trkpt><trkpt lat="46.038032" lon="9.485449"><ele>1735.053</ele><time>2026-03-31T17:40:42.975139934Z</time></trkpt><trkpt lat="46.038021" lon="9.485253"><ele>1742.531</ele><time>2026-03-31T17:41:02.975142158Z</time></trkpt><trkpt lat="46.038105" lon="9.485181"><ele>1748.612</ele><time>2026-03-31T17:41:22.975144413Z</time></trkpt><trkpt lat="46.038153" lon="9.485111"><ele>1752.932</ele><time>2026-03-31T17:41:42.975146577Z</time></trkpt><trkpt lat="46.038229" lon="9.485106"><ele>1756.705</ele><time>2026-03-31T17:42:02.975148781Z</time></trkpt><trkpt lat="46.038451" lon="9.485139"><ele>1765.609</ele><time>2026-03-31T17:42:22.975150985Z</time></trkpt><trkpt lat="46.038521" lon="9.485101"><ele>1770.152</ele><time>2026-03-31T17:42:42.975153199Z</time></trkpt><trkpt lat="46.038595" lon="9.485166"><ele>1770.798</ele><time>2026-03-31T17:43:02.975155704Z</time></trkpt><trkpt lat="46.038683" lon="9.485057"><ele>1778.289</ele><time>2026-03-31T17:43:22.975157868Z</time></trkpt><trkpt lat="46.038681" lon="9.484976"><ele>1780.282</ele><time>2026-03-31T17:43:42.975160052Z</time></trkpt><trkpt lat="46.038785" lon="9.484933"><ele>1783.122</ele><time>2026-03-31T17:44:02.975162276Z</time></trkpt><trkpt lat="46.038978" lon="9.485011"><ele>1790.489</ele><time>2026-03-31T17:44:22.975164771Z</time></trkpt><trkpt lat="46.039123" lon="9.485191"><ele>1797.535</ele><time>2026-03-31T17:44:42.975167035Z</time></trkpt><trkpt lat="46.039235" lon="9.485182"><ele>1798.781</ele><time>2026-03-31T17:45:02.975169289Z</time></trkpt><trkpt lat="46.039377" lon="9.485080"><ele>1791.959</ele><time>2026-03-31T17:45:22.975171483Z</time></trkpt><trkpt lat="46.039541" lon="9.485335"><ele>1797.316</ele><time>2026-03-31T17:45:42.975173818Z</time></trkpt><trkpt lat="46.039608" lon="9.485308"><ele>1794.176</ele><time>2026-03-31T17:46:02.975176012Z</time></trkpt><trkpt lat="46.039647" lon="9.485480"><ele>1800.713</ele><time>2026-03-31T17:46:22.975178226Z</time></trkpt><trkpt lat="46.039783" lon="9.485700"><ele>1809.009</ele><time>2026-03-31T17:46:42.975180470Z</time></trkpt><trkpt lat="46.039915" lon="9.485721"><ele>1805.772</ele><time>2026-03-31T17:47:02.975182634Z</time></trkpt><trkpt lat="46.040082" lon="9.486180"><ele>1827.228</ele><time>2026-03-31T17:47:22.975184858Z</time></trkpt><trkpt lat="46.040180" lon="9.486297"><ele>1833.849</ele><time>2026-03-31T17:47:42.975187072Z</time></trkpt><trkpt lat="46.040176" lon="9.486313"><ele>1834.512</ele><time>2026-03-31T17:48:02.975189257Z</time></trkpt><trkpt lat="46.040452" lon="9.486576"><ele>1857.182</ele><time>2026-03-31T17:48:22.975191461Z</time></trkpt><trkpt lat="46.040548" lon="9.486519"><ele>1859.239</ele><time>2026-03-31T17:48:42.975193615Z</time></trkpt><trkpt lat="46.040590" lon="9.486608"><ele>1865.765</ele><time>2026-03-31T17:49:02.975195809Z</time></trkpt><trkpt lat="46.040624" lon="9.486726"><ele>1870.631</ele><time>2026-03-31T17:49:22.975197963Z</time></trkpt><trkpt lat="46.040682" lon="9.486777"><ele>1873.589</ele><time>2026-03-31T17:49:42.975200197Z</time></trkpt><trkpt lat="46.040830" lon="9.486747"><ele>1880.153</ele><time>2026-03-31T17:50:02.975202481Z</time></trkpt><trkpt lat="46.040896" lon="9.486858"><ele>1881.704</ele><time>2026-03-31T17:50:22.975204796Z</time></trkpt><trkpt lat="46.041006" lon="9.486848"><ele>1883.314</ele><time>2026-03-31T17:50:42.975206990Z</time></trkpt><trkpt lat="46.041061" lon="9.486904"><ele>1885.209</ele><time>2026-03-31T17:51:02.975209234Z</time></trkpt><trkpt lat="46.041145" lon="9.486867"><ele>1884.566</ele><time>2026-03-31T17:51:22.975211418Z</time></trkpt><trkpt lat="46.041180" lon="9.486770"><ele>1880.352</ele><time>2026-03-31T17:51:42.975213632Z</time></trkpt><trkpt lat="46.041318" lon="9.486915"><ele>1883.053</ele><time>2026-03-31T17:52:02.975215836Z</time></trkpt><trkpt lat="46.041386" lon="9.486952"><ele>1884.566</ele><time>2026-03-31T17:52:22.975218030Z</time></trkpt><trkpt lat="46.041468" lon="9.487145"><ele>1893.156</ele><time>2026-03-31T17:52:42.975220194Z</time></trkpt><trkpt lat="46.041583" lon="9.487265"><ele>1896.613</ele><time>2026-03-31T17:53:02.975222389Z</time></trkpt><trkpt lat="46.041692" lon="9.487428"><ele>1901.319</ele><time>2026-03-31T17:53:22.975224613Z</time></trkpt><trkpt lat="46.041742" lon="9.487471"><ele>1902.235</ele><time>2026-03-31T17:53:42.975226797Z</time></trkpt><trkpt lat="46.041864" lon="9.487668"><ele>1911.653</ele><time>2026-03-31T17:54:02.975228991Z</time></trkpt><trkpt lat="46.041920" lon="9.487746"><ele>1917.327</ele><time>2026-03-31T17:54:22.975231285Z</time></trkpt><trkpt lat="46.042313" lon="9.488249"><ele>1939.568</ele><time>2026-03-31T17:54:42.975233479Z</time></trkpt><trkpt lat="46.042462" lon="9.488293"><ele>1944.814</ele><time>2026-03-31T17:55:02.975235673Z</time></trkpt><trkpt lat="46.042611" lon="9.488296"><ele>1951.009</ele><time>2026-03-31T17:55:22.975237908Z</time></trkpt><trkpt lat="46.042719" lon="9.488398"><ele>1958.323</ele><time>2026-03-31T17:55:42.975240042Z</time></trkpt><trkpt lat="46.042838" lon="9.488599"><ele>1966.269</ele><time>2026-03-31T17:56:02.975242246Z</time></trkpt><trkpt lat="46.042937" lon="9.488653"><ele>1969.910</ele><time>2026-03-31T17:56:22.975244450Z</time></trkpt><trkpt lat="46.043018" lon="9.488791"><ele>1971.643</ele><time>2026-03-31T17:56:42.975246664Z</time></trkpt><trkpt lat="46.043122" lon="9.488912"><ele>1975.123</ele><time>2026-03-31T17:57:02.975248848Z</time></trkpt><trkpt lat="46.043209" lon="9.489091"><ele>1978.060</ele><time>2026-03-31T17:57:22.975251072Z</time></trkpt><trkpt lat="46.043367" lon="9.489325"><ele>1984.166</ele><time>2026-03-31T17:57:42.975253256Z</time></trkpt><trkpt lat="46.043439" lon="9.489387"><ele>1988.442</ele><time>2026-03-31T17:58:02.975255460Z</time></trkpt><trkpt lat="46.043476" lon="9.489473"><ele>1990.220</ele><time>2026-03-31T17:58:22.975257755Z</time></trkpt><trkpt lat="46.043512" lon="9.489593"><ele>1992.518</ele><time>2026-03-31T17:58:42.975260049Z</time></trkpt><trkpt lat="46.043636" lon="9.489823"><ele>1999.798</ele><time>2026-03-31T17:59:02.975262263Z</time></trkpt><trkpt lat="46.043631" lon="9.489879"><ele>1998.717</ele><time>2026-03-31T17:59:22.975264477Z</time></trkpt><trkpt lat="46.043668" lon="9.489978"><ele>2000.509</ele><time>2026-03-31T17:59:42.975266671Z</time></trkpt><trkpt lat="46.043718" lon="9.490032"><ele>2004.022</ele><time>2026-03-31T18:00:02.975268876Z</time></trkpt><trkpt lat="46.043789" lon="9.490162"><ele>2009.128</ele><time>2026-03-31T18:00:22.975271040Z</time></trkpt><trkpt lat="46.043848" lon="9.490229"><ele>2013.219</ele><time>2026-03-31T18:00:42.975273284Z</time></trkpt><trkpt lat="46.043906" lon="9.490411"><ele>2015.322</ele><time>2026-03-31T18:01:02.975281930Z</time></trkpt><trkpt lat="46.043963" lon="9.490493"><ele>2018.662</ele><time>2026-03-31T18:01:22.975285677Z</time></trkpt><trkpt lat="46.044065" lon="9.490600"><ele>2025.759</ele><time>2026-03-31T18:01:42.975289574Z</time></trkpt><trkpt lat="46.044072" lon="9.490654"><ele>2026.065</ele><time>2026-03-31T18:02:02.975292470Z</time></trkpt><trkpt lat="46.044195" lon="9.490882"><ele>2033.441</ele><time>2026-03-31T18:02:22.975294724Z</time></trkpt><trkpt lat="46.044256" lon="9.491099"><ele>2035.249</ele><time>2026-03-31T18:02:42.975296968Z</time></trkpt><trkpt lat="46.044297" lon="9.491209"><ele>2039.474</ele><time>2026-03-31T18:03:02.975299312Z</time></trkpt><trkpt lat="46.044422" lon="9.491387"><ele>2047.956</ele><time>2026-03-31T18:03:22.975301577Z</time></trkpt><trkpt lat="46.044492" lon="9.491545"><ele>2052.021</ele><time>2026-03-31T18:03:42.975303801Z</time></trkpt><trkpt lat="46.044558" lon="9.491787"><ele>2057.809</ele><time>2026-03-31T18:04:02.975306025Z</time></trkpt><trkpt lat="46.044641" lon="9.491948"><ele>2063.898</ele><time>2026-03-31T18:04:22.975308209Z</time></trkpt><trkpt lat="46.044651" lon="9.492050"><ele>2065.434</ele><time>2026-03-31T18:04:42.975310403Z</time></trkpt><trkpt lat="46.044697" lon="9.492015"><ele>2066.815</ele><time>2026-03-31T18:05:02.975312587Z</time></trkpt><trkpt lat="46.044710" lon="9.492122"><ele>2068.528</ele><time>2026-03-31T18:05:22.975314801Z</time></trkpt><trkpt lat="46.044731" lon="9.492192"><ele>2069.798</ele><time>2026-03-31T18:05:42.975317006Z</time></trkpt><trkpt lat="46.044849" lon="9.492297"><ele>2069.885</ele><time>2026-03-31T18:06:02.975319200Z</time></trkpt><trkpt lat="46.045026" lon="9.492058"><ele>2068.931</ele><time>2026-03-31T18:06:22.975321724Z</time></trkpt><trkpt lat="46.045054" lon="9.491948"><ele>2068.857</ele><time>2026-03-31T18:06:42.975323888Z</time></trkpt><trkpt lat="46.045091" lon="9.491997"><ele>2065.665</ele><time>2026-03-31T18:07:02.975326083Z</time></trkpt><trkpt lat="46.045124" lon="9.491962"><ele>2064.486</ele><time>2026-03-31T18:07:22.975328357Z</time></trkpt><trkpt lat="46.045132" lon="9.492019"><ele>2062.460</ele><time>2026-03-31T18:07:42.975330601Z</time></trkpt><trkpt lat="46.045228" lon="9.492003"><ele>2056.726</ele><time>2026-03-31T18:08:02.975332845Z</time></trkpt><trkpt lat="46.045172" lon="9.492099"><ele>2057.309</ele><time>2026-03-31T18:08:22.975335079Z</time></trkpt><trkpt lat="46.045169" lon="9.492158"><ele>2055.869</ele><time>2026-03-31T18:08:42.975337354Z</time></trkpt><trkpt lat="46.045199" lon="9.492196"><ele>2052.095</ele><time>2026-03-31T18:09:02.975339688Z</time></trkpt><trkpt lat="46.045117" lon="9.492429"><ele>2053.416</ele><time>2026-03-31T18:09:22.975341862Z</time></trkpt><trkpt lat="46.045151" lon="9.492395"><ele>2050.589</ele><time>2026-03-31T18:09:42.975344076Z</time></trkpt><trkpt lat="46.045147" lon="9.492478"><ele>2048.629</ele><time>2026-03-31T18:10:02.975346250Z</time></trkpt><trkpt lat="46.045179" lon="9.492435"><ele>2046.266</ele><time>2026-03-31T18:10:22.975348464Z</time></trkpt><trkpt lat="46.045125" lon="9.492582"><ele>2051.682</ele><time>2026-03-31T18:10:42.975350629Z</time></trkpt><trkpt lat="46.045192" lon="9.492572"><ele>2043.468</ele><time>2026-03-31T18:11:02.975352823Z</time></trkpt><trkpt lat="46.045158" lon="9.492674"><ele>2048.686</ele><time>2026-03-31T18:11:22.975355047Z</time></trkpt><trkpt lat="46.045162" lon="9.492759"><ele>2049.112</ele><time>2026-03-31T18:11:42.975357311Z</time></trkpt><trkpt lat="46.045192" lon="9.492808"><ele>2046.432</ele><time>2026-03-31T18:12:02.975359555Z</time></trkpt><trkpt lat="46.045318" lon="9.492829"><ele>2030.405</ele><time>2026-03-31T18:12:22.975361749Z</time></trkpt><trkpt lat="46.045540" lon="9.493221"><ele>1997.409</ele><time>2026-03-31T18:12:42.975363984Z</time></trkpt><trkpt lat="46.045635" lon="9.493221"><ele>1989.772</ele><time>2026-03-31T18:13:02.975366178Z</time></trkpt><trkpt lat="46.045722" lon="9.493507"><ele>1997.398</ele><time>2026-03-31T18:13:22.975368412Z</time></trkpt><trkpt lat="46.046017" lon="9.493851"><ele>1993.949</ele><time>2026-03-31T18:13:42.975370576Z</time></trkpt><trkpt lat="46.046242" lon="9.493926"><ele>1976.612</ele><time>2026-03-31T18:14:02.975372760Z</time></trkpt><trkpt lat="46.046370" lon="9.493786"><ele>1955.282</ele><time>2026-03-31T18:14:22.975374964Z</time></trkpt><trkpt lat="46.046504" lon="9.493840"><ele>1945.479</ele><time>2026-03-31T18:14:42.975377188Z</time></trkpt><trkpt lat="46.046480" lon="9.493695"><ele>1943.485</ele><time>2026-03-31T18:15:02.975379322Z</time></trkpt><trkpt lat="46.046606" lon="9.493632"><ele>1933.341</ele><time>2026-03-31T18:15:22.975381617Z</time></trkpt><trkpt lat="46.046575" lon="9.493455"><ele>1934.629</ele><time>2026-03-31T18:15:42.975383831Z</time></trkpt><trkpt lat="46.046716" lon="9.493511"><ele>1925.927</ele><time>2026-03-31T18:16:02.975386115Z</time></trkpt><trkpt lat="46.046735" lon="9.493375"><ele>1925.068</ele><time>2026-03-31T18:16:22.975388439Z</time></trkpt><trkpt lat="46.046874" lon="9.493391"><ele>1916.714</ele><time>2026-03-31T18:16:42.975390593Z</time></trkpt><trkpt lat="46.046891" lon="9.493332"><ele>1916.109</ele><time>2026-03-31T18:17:02.975392817Z</time></trkpt><trkpt lat="46.046947" lon="9.493359"><ele>1912.613</ele><time>2026-03-31T18:17:22.975395072Z</time></trkpt><trkpt lat="46.046978" lon="9.493280"><ele>1910.849</ele><time>2026-03-31T18:17:42.975397306Z</time></trkpt><trkpt lat="46.047045" lon="9.493277"><ele>1906.060</ele><time>2026-03-31T18:18:02.975399510Z</time></trkpt><trkpt lat="46.047324" lon="9.493444"><ele>1881.953</ele><time>2026-03-31T18:18:22.975401734Z</time></trkpt><trkpt lat="46.047331" lon="9.493385"><ele>1882.783</ele><time>2026-03-31T18:18:42.975403918Z</time></trkpt><trkpt lat="46.047408" lon="9.493380"><ele>1876.960</ele><time>2026-03-31T18:19:02.975406112Z</time></trkpt><trkpt lat="46.047403" lon="9.493157"><ele>1882.186</ele><time>2026-03-31T18:19:22.975408367Z</time></trkpt><trkpt lat="46.047610" lon="9.493306"><ele>1864.512</ele><time>2026-03-31T18:19:42.975410561Z</time></trkpt><trkpt lat="46.047666" lon="9.493432"><ele>1858.180</ele><time>2026-03-31T18:20:02.975412815Z</time></trkpt><trkpt lat="46.047664" lon="9.493513"><ele>1856.576</ele><time>2026-03-31T18:20:22.975415069Z</time></trkpt><trkpt lat="46.047725" lon="9.493628"><ele>1850.390</ele><time>2026-03-31T18:20:42.975417283Z</time></trkpt><trkpt lat="46.047725" lon="9.493668"><ele>1850.019</ele><time>2026-03-31T18:21:02.975419477Z</time></trkpt><trkpt lat="46.047773" lon="9.493698"><ele>1846.709</ele><time>2026-03-31T18:21:22.975421732Z</time></trkpt><trkpt lat="46.047786" lon="9.493757"><ele>1845.538</ele><time>2026-03-31T18:21:42.975423926Z</time></trkpt><trkpt lat="46.047853" lon="9.493813"><ele>1841.264</ele><time>2026-03-31T18:22:02.975426140Z</time></trkpt><trkpt lat="46.047930" lon="9.493816"><ele>1836.875</ele><time>2026-03-31T18:22:22.975428344Z</time></trkpt><trkpt lat="46.047937" lon="9.493783"><ele>1836.638</ele><time>2026-03-31T18:22:42.975430548Z</time></trkpt><trkpt lat="46.047972" lon="9.493810"><ele>1834.468</ele><time>2026-03-31T18:23:02.975432732Z</time></trkpt><trkpt lat="46.048015" lon="9.493706"><ele>1832.745</ele><time>2026-03-31T18:23:22.975434946Z</time></trkpt><trkpt lat="46.048049" lon="9.493531"><ele>1833.151</ele><time>2026-03-31T18:23:42.975437140Z</time></trkpt><trkpt lat="46.048116" lon="9.493556"><ele>1828.747</ele><time>2026-03-31T18:24:02.975439355Z</time></trkpt><trkpt lat="46.048157" lon="9.493462"><ele>1828.295</ele><time>2026-03-31T18:24:22.975441579Z</time></trkpt><trkpt lat="46.048296" lon="9.493468"><ele>1819.855</ele><time>2026-03-31T18:24:42.975443873Z</time></trkpt><trkpt lat="46.048320" lon="9.493503"><ele>1817.707</ele><time>2026-03-31T18:25:02.975446097Z</time></trkpt><trkpt lat="46.048355" lon="9.493471"><ele>1816.417</ele><time>2026-03-31T18:25:22.975448411Z</time></trkpt><trkpt lat="46.048376" lon="9.493524"><ele>1814.309</ele><time>2026-03-31T18:25:42.975450636Z</time></trkpt><trkpt lat="46.048444" lon="9.493519"><ele>1810.886</ele><time>2026-03-31T18:26:02.975452870Z</time></trkpt><trkpt lat="46.048531" lon="9.493567"><ele>1805.282</ele><time>2026-03-31T18:26:22.975461596Z</time></trkpt><trkpt lat="46.048546" lon="9.493618"><ele>1803.513</ele><time>2026-03-31T18:26:42.975464101Z</time></trkpt><trkpt lat="46.048590" lon="9.493647"><ele>1800.996</ele><time>2026-03-31T18:27:02.975466325Z</time></trkpt><trkpt lat="46.048620" lon="9.493693"><ele>1799.196</ele><time>2026-03-31T18:27:22.975468559Z</time></trkpt><trkpt lat="46.048689" lon="9.493695"><ele>1797.163</ele><time>2026-03-31T18:27:42.975470773Z</time></trkpt><trkpt lat="46.048765" lon="9.493805"><ele>1793.849</ele><time>2026-03-31T18:28:02.975472987Z</time></trkpt><trkpt lat="46.048816" lon="9.493860"><ele>1791.625</ele><time>2026-03-31T18:28:22.975476614Z</time></trkpt><trkpt lat="46.048937" lon="9.493940"><ele>1787.663</ele><time>2026-03-31T18:28:42.975480492Z</time></trkpt><trkpt lat="46.048952" lon="9.494002"><ele>1787.377</ele><time>2026-03-31T18:29:02.975484229Z</time></trkpt><trkpt lat="46.048958" lon="9.494080"><ele>1787.361</ele><time>2026-03-31T18:29:22.975488887Z</time></trkpt><trkpt lat="46.049019" lon="9.494142"><ele>1785.327</ele><time>2026-03-31T18:29:42.975492404Z</time></trkpt><trkpt lat="46.049084" lon="9.494139"><ele>1782.909</ele><time>2026-03-31T18:30:02.975496351Z</time></trkpt><trkpt lat="46.049174" lon="9.494156"><ele>1779.618</ele><time>2026-03-31T18:30:22.975499958Z</time></trkpt><trkpt lat="46.049211" lon="9.494113"><ele>1777.744</ele><time>2026-03-31T18:30:42.975503655Z</time></trkpt><trkpt lat="46.049276" lon="9.494156"><ele>1774.145</ele><time>2026-03-31T18:31:02.975507592Z</time></trkpt><trkpt lat="46.049349" lon="9.494158"><ele>1770.288</ele><time>2026-03-31T18:31:22.975511179Z</time></trkpt><trkpt lat="46.049429" lon="9.494222"><ele>1766.288</ele><time>2026-03-31T18:31:42.975514866Z</time></trkpt><trkpt lat="46.049457" lon="9.494295"><ele>1765.515</ele><time>2026-03-31T18:32:02.975518503Z</time></trkpt><trkpt lat="46.049551" lon="9.494265"><ele>1762.441</ele><time>2026-03-31T18:32:22.975521649Z</time></trkpt><trkpt lat="46.049627" lon="9.494252"><ele>1760.027</ele><time>2026-03-31T18:32:42.975523943Z</time></trkpt><trkpt lat="46.049655" lon="9.494196"><ele>1759.025</ele><time>2026-03-31T18:33:02.975526147Z</time></trkpt><trkpt lat="46.049834" lon="9.494187"><ele>1755.036</ele><time>2026-03-31T18:33:22.975528892Z</time></trkpt><trkpt lat="46.049917" lon="9.494244"><ele>1753.317</ele><time>2026-03-31T18:33:42.975533060Z</time></trkpt><trkpt lat="46.050077" lon="9.494236"><ele>1750.218</ele><time>2026-03-31T18:34:02.975537017Z</time></trkpt><trkpt lat="46.050141" lon="9.494309"><ele>1748.709</ele><time>2026-03-31T18:34:22.975539231Z</time></trkpt><trkpt lat="46.050265" lon="9.494306"><ele>1746.324</ele><time>2026-03-31T18:34:42.975541416Z</time></trkpt><trkpt lat="46.050410" lon="9.494357"><ele>1743.570</ele><time>2026-03-31T18:35:02.975543690Z</time></trkpt><trkpt lat="46.050709" lon="9.494335"><ele>1731.911</ele><time>2026-03-31T18:35:22.975545944Z</time></trkpt><trkpt lat="46.050737" lon="9.494225"><ele>1729.444</ele><time>2026-03-31T18:35:42.975548188Z</time></trkpt><trkpt lat="46.050726" lon="9.494110"><ele>1728.894</ele><time>2026-03-31T18:36:02.975550422Z</time></trkpt><trkpt lat="46.050460" lon="9.493874"><ele>1737.251</ele><time>2026-03-31T18:36:22.975552637Z</time></trkpt><trkpt lat="46.050279" lon="9.493802"><ele>1741.347</ele><time>2026-03-31T18:36:42.975555802Z</time></trkpt><trkpt lat="46.050255" lon="9.493708"><ele>1741.413</ele><time>2026-03-31T18:37:02.975558007Z</time></trkpt><trkpt lat="46.050413" lon="9.493579"><ele>1736.161</ele><time>2026-03-31T18:37:22.975560211Z</time></trkpt><trkpt lat="46.050512" lon="9.493528"><ele>1733.629</ele><time>2026-03-31T18:37:42.975562485Z</time></trkpt><trkpt lat="46.050551" lon="9.493453"><ele>1733.400</ele><time>2026-03-31T18:38:02.975564739Z</time></trkpt><trkpt lat="46.050674" lon="9.493370"><ele>1731.020</ele><time>2026-03-31T18:38:22.975566973Z</time></trkpt><trkpt lat="46.050794" lon="9.493367"><ele>1727.509</ele><time>2026-03-31T18:38:42.975569238Z</time></trkpt><trkpt lat="46.050975" lon="9.493498"><ele>1717.843</ele><time>2026-03-31T18:39:02.975571462Z</time></trkpt><trkpt lat="46.051118" lon="9.493495"><ele>1711.579</ele><time>2026-03-31T18:39:22.975573646Z</time></trkpt><trkpt lat="46.051245" lon="9.493380"><ele>1707.290</ele><time>2026-03-31T18:39:42.975575860Z</time></trkpt><trkpt lat="46.051307" lon="9.493219"><ele>1706.093</ele><time>2026-03-31T18:40:02.975578024Z</time></trkpt><trkpt lat="46.051332" lon="9.493312"><ele>1703.553</ele><time>2026-03-31T18:40:22.975580248Z</time></trkpt><trkpt lat="46.051365" lon="9.493256"><ele>1702.480</ele><time>2026-03-31T18:40:42.975582472Z</time></trkpt><trkpt lat="46.051410" lon="9.493280"><ele>1699.556</ele><time>2026-03-31T18:41:02.975584697Z</time></trkpt><trkpt lat="46.051529" lon="9.493221"><ele>1693.512</ele><time>2026-03-31T18:41:22.975586961Z</time></trkpt><trkpt lat="46.051572" lon="9.493355"><ele>1688.410</ele><time>2026-03-31T18:41:42.975589195Z</time></trkpt><trkpt lat="46.051641" lon="9.493237"><ele>1686.638</ele><time>2026-03-31T18:42:02.975591499Z</time></trkpt><trkpt lat="46.051711" lon="9.493234"><ele>1683.770</ele><time>2026-03-31T18:42:22.975593713Z</time></trkpt><trkpt lat="46.051768" lon="9.493190"><ele>1682.817</ele><time>2026-03-31T18:42:42.975595928Z</time></trkpt><trkpt lat="46.051774" lon="9.493139"><ele>1683.709</ele><time>2026-03-31T18:43:02.975598112Z</time></trkpt><trkpt lat="46.051863" lon="9.493088"><ele>1681.984</ele><time>2026-03-31T18:43:22.975600296Z</time></trkpt><trkpt lat="46.051902" lon="9.493037"><ele>1681.550</ele><time>2026-03-31T18:43:42.975602530Z</time></trkpt><trkpt lat="46.052004" lon="9.493021"><ele>1676.371</ele><time>2026-03-31T18:44:02.975604754Z</time></trkpt><trkpt lat="46.052024" lon="9.493058"><ele>1674.874</ele><time>2026-03-31T18:44:22.975606988Z</time></trkpt><trkpt lat="46.052065" lon="9.493020"><ele>1672.434</ele><time>2026-03-31T18:44:42.975609212Z</time></trkpt><trkpt lat="46.052160" lon="9.493109"><ele>1665.581</ele><time>2026-03-31T18:45:02.975611497Z</time></trkpt><trkpt lat="46.052276" lon="9.493136"><ele>1658.777</ele><time>2026-03-31T18:45:22.975613741Z</time></trkpt><trkpt lat="46.052302" lon="9.493093"><ele>1657.753</ele><time>2026-03-31T18:45:42.975615955Z</time></trkpt><trkpt lat="46.052304" lon="9.493058"><ele>1657.961</ele><time>2026-03-31T18:46:02.975618179Z</time></trkpt><trkpt lat="46.052374" lon="9.493133"><ele>1653.664</ele><time>2026-03-31T18:46:22.975620443Z</time></trkpt><trkpt lat="46.052490" lon="9.493029"><ele>1648.806</ele><time>2026-03-31T18:46:42.975622698Z</time></trkpt><trkpt lat="46.052570" lon="9.493010"><ele>1645.216</ele><time>2026-03-31T18:47:02.975624912Z</time></trkpt><trkpt lat="46.052602" lon="9.493083"><ele>1642.909</ele><time>2026-03-31T18:47:22.975627176Z</time></trkpt><trkpt lat="46.052837" lon="9.493172"><ele>1627.947</ele><time>2026-03-31T18:47:42.975629340Z</time></trkpt><trkpt lat="46.052889" lon="9.493241"><ele>1621.893</ele><time>2026-03-31T18:48:02.975631534Z</time></trkpt><trkpt lat="46.052878" lon="9.493445"><ele>1618.514</ele><time>2026-03-31T18:48:22.975633738Z</time></trkpt><trkpt lat="46.052842" lon="9.493510"><ele>1620.527</ele><time>2026-03-31T18:48:42.975635902Z</time></trkpt><trkpt lat="46.052861" lon="9.493566"><ele>1617.757</ele><time>2026-03-31T18:49:02.975638066Z</time></trkpt><trkpt lat="46.052902" lon="9.493534"><ele>1614.714</ele><time>2026-03-31T18:49:22.975640260Z</time></trkpt><trkpt lat="46.052973" lon="9.493665"><ele>1606.340</ele><time>2026-03-31T18:49:42.975642465Z</time></trkpt><trkpt lat="46.053173" lon="9.493448"><ele>1591.976</ele><time>2026-03-31T18:50:02.975644659Z</time></trkpt><trkpt lat="46.053212" lon="9.493496"><ele>1588.544</ele><time>2026-03-31T18:50:22.975646823Z</time></trkpt><trkpt lat="46.053180" lon="9.493561"><ele>1591.154</ele><time>2026-03-31T18:50:42.975649097Z</time></trkpt><trkpt lat="46.053187" lon="9.493625"><ele>1590.456</ele><time>2026-03-31T18:51:02.975651341Z</time></trkpt><trkpt lat="46.053221" lon="9.493593"><ele>1588.011</ele><time>2026-03-31T18:51:22.975653575Z</time></trkpt><trkpt lat="46.053221" lon="9.493633"><ele>1587.909</ele><time>2026-03-31T18:51:42.975663524Z</time></trkpt><trkpt lat="46.053275" lon="9.493596"><ele>1584.186</ele><time>2026-03-31T18:52:02.975667351Z</time></trkpt><trkpt lat="46.053271" lon="9.493735"><ele>1583.222</ele><time>2026-03-31T18:52:22.975671870Z</time></trkpt><trkpt lat="46.053306" lon="9.493690"><ele>1581.163</ele><time>2026-03-31T18:52:42.975676098Z</time></trkpt><trkpt lat="46.053318" lon="9.493740"><ele>1579.766</ele><time>2026-03-31T18:53:02.975678732Z</time></trkpt><trkpt lat="46.053353" lon="9.493708"><ele>1577.456</ele><time>2026-03-31T18:53:22.975680947Z</time></trkpt><trkpt lat="46.053360" lon="9.493829"><ele>1575.663</ele><time>2026-03-31T18:53:42.975683141Z</time></trkpt><trkpt lat="46.053519" lon="9.493780"><ele>1563.889</ele><time>2026-03-31T18:54:02.975685375Z</time></trkpt><trkpt lat="46.053614" lon="9.493700"><ele>1556.235</ele><time>2026-03-31T18:54:22.975687589Z</time></trkpt><trkpt lat="46.053671" lon="9.493762"><ele>1553.493</ele><time>2026-03-31T18:54:42.975689773Z</time></trkpt><trkpt lat="46.053694" lon="9.493933"><ele>1553.166</ele><time>2026-03-31T18:55:02.975692087Z</time></trkpt><trkpt lat="46.053716" lon="9.493963"><ele>1552.129</ele><time>2026-03-31T18:55:22.975696295Z</time></trkpt><trkpt lat="46.053759" lon="9.493928"><ele>1550.221</ele><time>2026-03-31T18:55:42.975700674Z</time></trkpt><trkpt lat="46.053811" lon="9.493826"><ele>1546.909</ele><time>2026-03-31T18:56:02.975702848Z</time></trkpt><trkpt lat="46.053835" lon="9.493925"><ele>1546.747</ele><time>2026-03-31T18:56:22.975705032Z</time></trkpt><trkpt lat="46.053909" lon="9.493952"><ele>1543.043</ele><time>2026-03-31T18:56:42.975707246Z</time></trkpt><trkpt lat="46.053908" lon="9.494016"><ele>1543.634</ele><time>2026-03-31T18:57:02.975709420Z</time></trkpt><trkpt lat="46.053982" lon="9.494014"><ele>1538.337</ele><time>2026-03-31T18:57:22.975711604Z</time></trkpt><trkpt lat="46.053989" lon="9.494110"><ele>1538.987</ele><time>2026-03-31T18:57:42.975713788Z</time></trkpt><trkpt lat="46.054054" lon="9.494116"><ele>1534.674</ele><time>2026-03-31T18:58:02.975715982Z</time></trkpt><trkpt lat="46.054049" lon="9.494161"><ele>1535.530</ele><time>2026-03-31T18:58:22.975718216Z</time></trkpt><trkpt lat="46.054088" lon="9.494195"><ele>1533.296</ele><time>2026-03-31T18:58:42.975720390Z</time></trkpt><trkpt lat="46.054127" lon="9.494125"><ele>1529.974</ele><time>2026-03-31T18:59:02.975722534Z</time></trkpt><trkpt lat="46.054157" lon="9.494198"><ele>1528.886</ele><time>2026-03-31T18:59:22.975724889Z</time></trkpt><trkpt lat="46.054179" lon="9.494165"><ele>1527.160</ele><time>2026-03-31T18:59:42.975727063Z</time></trkpt><trkpt lat="46.054202" lon="9.494240"><ele>1526.026</ele><time>2026-03-31T19:00:02.975729217Z</time></trkpt><trkpt lat="46.054285" lon="9.494324"><ele>1520.609</ele><time>2026-03-31T19:00:22.975731451Z</time></trkpt><trkpt lat="46.054344" lon="9.494235"><ele>1515.729</ele><time>2026-03-31T19:00:42.975733615Z</time></trkpt><trkpt lat="46.054371" lon="9.494283"><ele>1514.145</ele><time>2026-03-31T19:01:02.975735799Z</time></trkpt><trkpt lat="46.054425" lon="9.494151"><ele>1509.376</ele><time>2026-03-31T19:01:22.975737983Z</time></trkpt><trkpt lat="46.054469" lon="9.493710"><ele>1499.919</ele><time>2026-03-31T19:01:42.975740177Z</time></trkpt><trkpt lat="46.054568" lon="9.494118"><ele>1499.889</ele><time>2026-03-31T19:02:02.975742392Z</time></trkpt><trkpt lat="46.054659" lon="9.494372"><ele>1496.316</ele><time>2026-03-31T19:02:22.975744596Z</time></trkpt><trkpt lat="46.054672" lon="9.494555"><ele>1493.492</ele><time>2026-03-31T19:02:42.975746740Z</time></trkpt><trkpt lat="46.054696" lon="9.494523"><ele>1492.898</ele><time>2026-03-31T19:03:02.975748954Z</time></trkpt><trkpt lat="46.054706" lon="9.494297"><ele>1492.966</ele><time>2026-03-31T19:03:22.975751158Z</time></trkpt><trkpt lat="46.054704" lon="9.493933"><ele>1487.333</ele><time>2026-03-31T19:03:42.975753452Z</time></trkpt><trkpt lat="46.054732" lon="9.493970"><ele>1486.023</ele><time>2026-03-31T19:04:02.975755707Z</time></trkpt><trkpt lat="46.054760" lon="9.494099"><ele>1486.615</ele><time>2026-03-31T19:04:22.975757901Z</time></trkpt><trkpt lat="46.054797" lon="9.494190"><ele>1485.309</ele><time>2026-03-31T19:04:42.975760095Z</time></trkpt><trkpt lat="46.054856" lon="9.494399"><ele>1483.314</ele><time>2026-03-31T19:05:02.975762269Z</time></trkpt><trkpt lat="46.054901" lon="9.494284"><ele>1478.570</ele><time>2026-03-31T19:05:22.975764493Z</time></trkpt><trkpt lat="46.054930" lon="9.494329"><ele>1477.091</ele><time>2026-03-31T19:05:42.975766677Z</time></trkpt><trkpt lat="46.054990" lon="9.494222"><ele>1470.834</ele><time>2026-03-31T19:06:02.975768881Z</time></trkpt><trkpt lat="46.055025" lon="9.494292"><ele>1470.524</ele><time>2026-03-31T19:06:22.975771105Z</time></trkpt><trkpt lat="46.055033" lon="9.494169"><ele>1468.161</ele><time>2026-03-31T19:06:42.975773259Z</time></trkpt><trkpt lat="46.055087" lon="9.494201"><ele>1467.137</ele><time>2026-03-31T19:07:02.975775484Z</time></trkpt><trkpt lat="46.055109" lon="9.494080"><ele>1464.493</ele><time>2026-03-31T19:07:22.975777698Z</time></trkpt><trkpt lat="46.055153" lon="9.494131"><ele>1464.071</ele><time>2026-03-31T19:07:42.975779932Z</time></trkpt><trkpt lat="46.055150" lon="9.494026"><ele>1462.445</ele><time>2026-03-31T19:08:02.975782256Z</time></trkpt><trkpt lat="46.055193" lon="9.494061"><ele>1461.847</ele><time>2026-03-31T19:08:22.975784440Z</time></trkpt><trkpt lat="46.055198" lon="9.493989"><ele>1460.611</ele><time>2026-03-31T19:08:42.975786644Z</time></trkpt><trkpt lat="46.055239" lon="9.494032"><ele>1460.109</ele><time>2026-03-31T19:09:02.975788818Z</time></trkpt><trkpt lat="46.055248" lon="9.493946"><ele>1458.645</ele><time>2026-03-31T19:09:22.975790942Z</time></trkpt><trkpt lat="46.055204" lon="9.493839"><ele>1457.811</ele><time>2026-03-31T19:09:42.975793096Z</time></trkpt><trkpt lat="46.055191" lon="9.493675"><ele>1454.662</ele><time>2026-03-31T19:10:02.975795230Z</time></trkpt><trkpt lat="46.055269" lon="9.493525"><ele>1449.715</ele><time>2026-03-31T19:10:22.975797415Z</time></trkpt><trkpt lat="46.055243" lon="9.493388"><ele>1447.715</ele><time>2026-03-31T19:10:42.975799599Z</time></trkpt><trkpt lat="46.055258" lon="9.493238"><ele>1444.662</ele><time>2026-03-31T19:11:02.975801773Z</time></trkpt><trkpt lat="46.055301" lon="9.493070"><ele>1442.068</ele><time>2026-03-31T19:11:22.975803987Z</time></trkpt><trkpt lat="46.055297" lon="9.492879"><ele>1439.854</ele><time>2026-03-31T19:11:42.975806121Z</time></trkpt><trkpt lat="46.055118" lon="9.492150"><ele>1423.762</ele><time>2026-03-31T19:12:02.975808255Z</time></trkpt><trkpt lat="46.055066" lon="9.492102"><ele>1420.455</ele><time>2026-03-31T19:12:22.975810529Z</time></trkpt><trkpt lat="46.055040" lon="9.492008"><ele>1418.007</ele><time>2026-03-31T19:12:42.975812743Z</time></trkpt><trkpt lat="46.054975" lon="9.491981"><ele>1415.717</ele><time>2026-03-31T19:13:02.975814937Z</time></trkpt><trkpt lat="46.054910" lon="9.491863"><ele>1415.209</ele><time>2026-03-31T19:13:22.975817192Z</time></trkpt><trkpt lat="46.054880" lon="9.491740"><ele>1414.456</ele><time>2026-03-31T19:13:42.975819376Z</time></trkpt><trkpt lat="46.054882" lon="9.491649"><ele>1413.512</ele><time>2026-03-31T19:14:02.975821560Z</time></trkpt><trkpt lat="46.054841" lon="9.491558"><ele>1413.123</ele><time>2026-03-31T19:14:22.975823774Z</time></trkpt><trkpt lat="46.054826" lon="9.491426"><ele>1411.956</ele><time>2026-03-31T19:14:42.975825928Z</time></trkpt><trkpt lat="46.054852" lon="9.491322"><ele>1410.086</ele><time>2026-03-31T19:15:02.975828122Z</time></trkpt><trkpt lat="46.054844" lon="9.491209"><ele>1408.243</ele><time>2026-03-31T19:15:22.975831258Z</time></trkpt><trkpt lat="46.054759" lon="9.490939"><ele>1403.949</ele><time>2026-03-31T19:15:42.975835416Z</time></trkpt><trkpt lat="46.054744" lon="9.490791"><ele>1401.325</ele><time>2026-03-31T19:16:02.975838121Z</time></trkpt><trkpt lat="46.054753" lon="9.490507"><ele>1396.723</ele><time>2026-03-31T19:16:22.975840285Z</time></trkpt><trkpt lat="46.054722" lon="9.490393"><ele>1395.385</ele><time>2026-03-31T19:16:42.975847889Z</time></trkpt><trkpt lat="46.054698" lon="9.490200"><ele>1393.889</ele><time>2026-03-31T19:17:02.975851706Z</time></trkpt><trkpt lat="46.054685" lon="9.489747"><ele>1387.617</ele><time>2026-03-31T19:17:22.975853910Z</time></trkpt><trkpt lat="46.054663" lon="9.489664"><ele>1387.109</ele><time>2026-03-31T19:17:42.975856074Z</time></trkpt><trkpt lat="46.054862" lon="9.489556"><ele>1382.399</ele><time>2026-03-31T19:18:02.975858258Z</time></trkpt><trkpt lat="46.054984" lon="9.489144"><ele>1374.075</ele><time>2026-03-31T19:18:22.975860412Z</time></trkpt><trkpt lat="46.055077" lon="9.489155"><ele>1376.876</ele><time>2026-03-31T19:18:42.975862566Z</time></trkpt><trkpt lat="46.055211" lon="9.489238"><ele>1384.079</ele><time>2026-03-31T19:19:02.975864721Z</time></trkpt><trkpt lat="46.055246" lon="9.489356"><ele>1388.489</ele><time>2026-03-31T19:19:22.975866885Z</time></trkpt><trkpt lat="46.055427" lon="9.489409"><ele>1400.186</ele><time>2026-03-31T19:19:42.975869059Z</time></trkpt><trkpt lat="46.055576" lon="9.489170"><ele>1401.212</ele><time>2026-03-31T19:20:02.975871193Z</time></trkpt><trkpt lat="46.055600" lon="9.488860"><ele>1397.178</ele><time>2026-03-31T19:20:22.975873357Z</time></trkpt><trkpt lat="46.055630" lon="9.488747"><ele>1396.676</ele><time>2026-03-31T19:20:42.975875611Z</time></trkpt><trkpt lat="46.055634" lon="9.488694"><ele>1396.068</ele><time>2026-03-31T19:21:02.975877865Z</time></trkpt><trkpt lat="46.055606" lon="9.488605"><ele>1394.242</ele><time>2026-03-31T19:21:22.975880049Z</time></trkpt><trkpt lat="46.055606" lon="9.488490"><ele>1392.826</ele><time>2026-03-31T19:21:42.975882243Z</time></trkpt><trkpt lat="46.055606" lon="9.488302"><ele>1390.709</ele><time>2026-03-31T19:22:02.975884397Z</time></trkpt><trkpt lat="46.055587" lon="9.488104"><ele>1388.037</ele><time>2026-03-31T19:22:22.975886702Z</time></trkpt><trkpt lat="46.055619" lon="9.487674"><ele>1387.173</ele><time>2026-03-31T19:22:42.975888906Z</time></trkpt><trkpt lat="46.055682" lon="9.487537"><ele>1390.374</ele><time>2026-03-31T19:23:02.975891090Z</time></trkpt><trkpt lat="46.055680" lon="9.487395"><ele>1386.887</ele><time>2026-03-31T19:23:22.975893304Z</time></trkpt><trkpt lat="46.055669" lon="9.487288"><ele>1383.027</ele><time>2026-03-31T19:23:42.975895488Z</time></trkpt><trkpt lat="46.055628" lon="9.487170"><ele>1378.444</ele><time>2026-03-31T19:24:02.975897742Z</time></trkpt><trkpt lat="46.055617" lon="9.487064"><ele>1375.530</ele><time>2026-03-31T19:24:22.975899966Z</time></trkpt><trkpt lat="46.055628" lon="9.486973"><ele>1373.816</ele><time>2026-03-31T19:24:42.975902090Z</time></trkpt><trkpt lat="46.055688" lon="9.486863"><ele>1375.124</ele><time>2026-03-31T19:25:02.975904305Z</time></trkpt><trkpt lat="46.055688" lon="9.486678"><ele>1373.846</ele><time>2026-03-31T19:25:22.975906549Z</time></trkpt><trkpt lat="46.055753" lon="9.486630"><ele>1376.788</ele><time>2026-03-31T19:25:42.975908763Z</time></trkpt><trkpt lat="46.055822" lon="9.486635"><ele>1379.716</ele><time>2026-03-31T19:26:02.975910957Z</time></trkpt><trkpt lat="46.055930" lon="9.486545"><ele>1384.609</ele><time>2026-03-31T19:26:22.975913181Z</time></trkpt><trkpt lat="46.056011" lon="9.486556"><ele>1387.695</ele><time>2026-03-31T19:26:42.975915375Z</time></trkpt><trkpt lat="46.056104" lon="9.486516"><ele>1391.341</ele><time>2026-03-31T19:27:02.975917519Z</time></trkpt><trkpt lat="46.056145" lon="9.486411"><ele>1393.722</ele><time>2026-03-31T19:27:22.975919703Z</time></trkpt><trkpt lat="46.056162" lon="9.486373"><ele>1395.135</ele><time>2026-03-31T19:27:42.975921857Z</time></trkpt><trkpt lat="46.056134" lon="9.486261"><ele>1395.395</ele><time>2026-03-31T19:28:02.975924021Z</time></trkpt><trkpt lat="46.056073" lon="9.486164"><ele>1393.622</ele><time>2026-03-31T19:28:22.975926196Z</time></trkpt><trkpt lat="46.055961" lon="9.486081"><ele>1389.978</ele><time>2026-03-31T19:28:42.975928380Z</time></trkpt><trkpt lat="46.055732" lon="9.485607"><ele>1384.934</ele><time>2026-03-31T19:29:02.975930584Z</time></trkpt><trkpt lat="46.055696" lon="9.485485"><ele>1384.082</ele><time>2026-03-31T19:29:22.975932758Z</time></trkpt><trkpt lat="46.055616" lon="9.485332"><ele>1379.456</ele><time>2026-03-31T19:29:42.975934992Z</time></trkpt><trkpt lat="46.055634" lon="9.485090"><ele>1377.659</ele><time>2026-03-31T19:30:02.975937176Z</time></trkpt><trkpt lat="46.055670" lon="9.484951"><ele>1377.514</ele><time>2026-03-31T19:30:22.975939360Z</time></trkpt><trkpt lat="46.055673" lon="9.484792"><ele>1374.709</ele><time>2026-03-31T19:30:42.975941524Z</time></trkpt><trkpt lat="46.055872" lon="9.484144"><ele>1371.956</ele><time>2026-03-31T19:31:02.975943678Z</time></trkpt><trkpt lat="46.055843" lon="9.483865"><ele>1368.142</ele><time>2026-03-31T19:31:22.975945852Z</time></trkpt><trkpt lat="46.055867" lon="9.483736"><ele>1367.663</ele><time>2026-03-31T19:31:42.975948046Z</time></trkpt><trkpt lat="46.055848" lon="9.483508"><ele>1364.846</ele><time>2026-03-31T19:32:02.975950220Z</time></trkpt><trkpt lat="46.055818" lon="9.483374"><ele>1363.076</ele><time>2026-03-31T19:32:22.975952395Z</time></trkpt><trkpt lat="46.055818" lon="9.483240"><ele>1361.443</ele><time>2026-03-31T19:32:42.975954539Z</time></trkpt><trkpt lat="46.055902" lon="9.483052"><ele>1361.949</ele><time>2026-03-31T19:33:02.975956713Z</time></trkpt><trkpt lat="46.055869" lon="9.482843"><ele>1358.235</ele><time>2026-03-31T19:33:22.975959017Z</time></trkpt><trkpt lat="46.055890" lon="9.482763"><ele>1358.413</ele><time>2026-03-31T19:33:42.975961231Z</time></trkpt><trkpt lat="46.055873" lon="9.482564"><ele>1356.743</ele><time>2026-03-31T19:34:02.975963505Z</time></trkpt><trkpt lat="46.055881" lon="9.482301"><ele>1353.564</ele><time>2026-03-31T19:34:22.975965699Z</time></trkpt><trkpt lat="46.055985" lon="9.482060"><ele>1354.410</ele><time>2026-03-31T19:34:42.975967894Z</time></trkpt><trkpt lat="46.056255" lon="9.481790"><ele>1357.009</ele><time>2026-03-31T19:35:02.975970098Z</time></trkpt><trkpt lat="46.056413" lon="9.481583"><ele>1355.975</ele><time>2026-03-31T19:35:22.975972272Z</time></trkpt><trkpt lat="46.056454" lon="9.481497"><ele>1354.321</ele><time>2026-03-31T19:35:42.975974426Z</time></trkpt><trkpt lat="46.056499" lon="9.481352"><ele>1352.732</ele><time>2026-03-31T19:36:02.975976590Z</time></trkpt><trkpt lat="46.056521" lon="9.481231"><ele>1354.885</ele><time>2026-03-31T19:36:22.975978784Z</time></trkpt><trkpt lat="46.056506" lon="9.481159"><ele>1355.595</ele><time>2026-03-31T19:36:42.975980918Z</time></trkpt><trkpt lat="46.056298" lon="9.480998"><ele>1352.962</ele><time>2026-03-31T19:37:02.975983072Z</time></trkpt><trkpt lat="46.056203" lon="9.480984"><ele>1349.858</ele><time>2026-03-31T19:37:22.975985306Z</time></trkpt><trkpt lat="46.056041" lon="9.480930"><ele>1344.744</ele><time>2026-03-31T19:37:42.975987500Z</time></trkpt><trkpt lat="46.055861" lon="9.480882"><ele>1336.432</ele><time>2026-03-31T19:38:02.975989724Z</time></trkpt><trkpt lat="46.055765" lon="9.480741"><ele>1337.652</ele><time>2026-03-31T19:38:22.975992019Z</time></trkpt><trkpt lat="46.055692" lon="9.480548"><ele>1342.553</ele><time>2026-03-31T19:38:42.975994493Z</time></trkpt><trkpt lat="46.055696" lon="9.480314"><ele>1346.008</ele><time>2026-03-31T19:39:02.975996848Z</time></trkpt><trkpt lat="46.055677" lon="9.480118"><ele>1344.909</ele><time>2026-03-31T19:39:22.976000154Z</time></trkpt><trkpt lat="46.055688" lon="9.480016"><ele>1344.536</ele><time>2026-03-31T19:39:42.976003059Z</time></trkpt><trkpt lat="46.055675" lon="9.479890"><ele>1343.782</ele><time>2026-03-31T19:40:02.976005905Z</time></trkpt><trkpt lat="46.055701" lon="9.479727"><ele>1343.663</ele><time>2026-03-31T19:40:22.976008820Z</time></trkpt><trkpt lat="46.055680" lon="9.479514"><ele>1340.556</ele><time>2026-03-31T19:40:42.976014922Z</time></trkpt><trkpt lat="46.055628" lon="9.479334"><ele>1335.546</ele><time>2026-03-31T19:41:02.976018308Z</time></trkpt><trkpt lat="46.055606" lon="9.479184"><ele>1331.093</ele><time>2026-03-31T19:41:22.976021544Z</time></trkpt><trkpt lat="46.055576" lon="9.479205"><ele>1330.199</ele><time>2026-03-31T19:41:42.976024870Z</time></trkpt><trkpt lat="46.055584" lon="9.478994"><ele>1326.595</ele><time>2026-03-31T19:42:02.976034358Z</time></trkpt><trkpt lat="46.055659" lon="9.478906"><ele>1329.213</ele><time>2026-03-31T19:42:22.976037945Z</time></trkpt><trkpt lat="46.055664" lon="9.478691"><ele>1325.412</ele><time>2026-03-31T19:42:42.976041652Z</time></trkpt><trkpt lat="46.055593" lon="9.478496"><ele>1315.532</ele><time>2026-03-31T19:43:02.976045529Z</time></trkpt><trkpt lat="46.055515" lon="9.478596"><ele>1312.605</ele><time>2026-03-31T19:43:22.976049346Z</time></trkpt><trkpt lat="46.055476" lon="9.478328"><ele>1301.009</ele><time>2026-03-31T19:43:42.976053233Z</time></trkpt><trkpt lat="46.055402" lon="9.478505"><ele>1301.082</ele><time>2026-03-31T19:44:02.976055978Z</time></trkpt><trkpt lat="46.055372" lon="9.478352"><ele>1292.928</ele><time>2026-03-31T19:44:22.976058253Z</time></trkpt><trkpt lat="46.055328" lon="9.478406"><ele>1291.369</ele><time>2026-03-31T19:44:42.976060547Z</time></trkpt><trkpt lat="46.055328" lon="9.478111"><ele>1283.212</ele><time>2026-03-31T19:45:02.976062701Z</time></trkpt><trkpt lat="46.055173" lon="9.478262"><ele>1277.992</ele><time>2026-03-31T19:45:22.976064855Z</time></trkpt><trkpt lat="46.054996" lon="9.478291"><ele>1270.979</ele><time>2026-03-31T19:45:42.976067029Z</time></trkpt><trkpt lat="46.054905" lon="9.478304"><ele>1266.085</ele><time>2026-03-31T19:46:02.976069163Z</time></trkpt><trkpt lat="46.054797" lon="9.478369"><ele>1260.981</ele><time>2026-03-31T19:46:22.976071297Z</time></trkpt><trkpt lat="46.054816" lon="9.478304"><ele>1261.069</ele><time>2026-03-31T19:46:42.976073451Z</time></trkpt><trkpt lat="46.054782" lon="9.478050"><ele>1255.728</ele><time>2026-03-31T19:47:02.976075725Z</time></trkpt><trkpt lat="46.054783" lon="9.477818"><ele>1253.189</ele><time>2026-03-31T19:47:22.976077929Z</time></trkpt><trkpt lat="46.054857" lon="9.477624"><ele>1253.617</ele><time>2026-03-31T19:47:42.976080144Z</time></trkpt><trkpt lat="46.054929" lon="9.477538"><ele>1255.509</ele><time>2026-03-31T19:48:02.976082308Z</time></trkpt><trkpt lat="46.055002" lon="9.477200"><ele>1254.823</ele><time>2026-03-31T19:48:22.976084542Z</time></trkpt><trkpt lat="46.054962" lon="9.476872"><ele>1248.599</ele><time>2026-03-31T19:48:42.976086666Z</time></trkpt><trkpt lat="46.054999" lon="9.476623"><ele>1247.390</ele><time>2026-03-31T19:49:02.976088830Z</time></trkpt><trkpt lat="46.054986" lon="9.476545"><ele>1245.443</ele><time>2026-03-31T19:49:22.976091004Z</time></trkpt><trkpt lat="46.055012" lon="9.476387"><ele>1244.643</ele><time>2026-03-31T19:49:42.976093128Z</time></trkpt><trkpt lat="46.055046" lon="9.476220"><ele>1244.010</ele><time>2026-03-31T19:50:02.976095312Z</time></trkpt><trkpt lat="46.055055" lon="9.475939"><ele>1240.796</ele><time>2026-03-31T19:50:22.976097476Z</time></trkpt><trkpt lat="46.055093" lon="9.475693"><ele>1239.872</ele><time>2026-03-31T19:50:42.976099670Z</time></trkpt><trkpt lat="46.055171" lon="9.475472"><ele>1241.860</ele><time>2026-03-31T19:51:02.976101904Z</time></trkpt><trkpt lat="46.055173" lon="9.475316"><ele>1239.517</ele><time>2026-03-31T19:51:22.976104149Z</time></trkpt><trkpt lat="46.055128" lon="9.475048"><ele>1233.887</ele><time>2026-03-31T19:51:42.976106333Z</time></trkpt><trkpt lat="46.055108" lon="9.474831"><ele>1230.415</ele><time>2026-03-31T19:52:02.976108557Z</time></trkpt><trkpt lat="46.055104" lon="9.474568"><ele>1227.809</ele><time>2026-03-31T19:52:22.976110741Z</time></trkpt><trkpt lat="46.055071" lon="9.474445"><ele>1224.692</ele><time>2026-03-31T19:52:42.976112855Z</time></trkpt><trkpt lat="46.055117" lon="9.474177"><ele>1224.558</ele><time>2026-03-31T19:53:02.976115019Z</time></trkpt><trkpt lat="46.055095" lon="9.474100"><ele>1222.149</ele><time>2026-03-31T19:53:22.976117243Z</time></trkpt><trkpt lat="46.055088" lon="9.473993"><ele>1220.592</ele><time>2026-03-31T19:53:42.976119437Z</time></trkpt><trkpt lat="46.055049" lon="9.473880"><ele>1216.422</ele><time>2026-03-31T19:54:02.976121611Z</time></trkpt><trkpt lat="46.055077" lon="9.473596"><ele>1213.249</ele><time>2026-03-31T19:54:22.976123785Z</time></trkpt><trkpt lat="46.055139" lon="9.473210"><ele>1214.665</ele><time>2026-03-31T19:54:42.976125959Z</time></trkpt><trkpt lat="46.055085" lon="9.472861"><ele>1207.581</ele><time>2026-03-31T19:55:02.976128113Z</time></trkpt><trkpt lat="46.054989" lon="9.472707"><ele>1197.539</ele><time>2026-03-31T19:55:22.976130317Z</time></trkpt><trkpt lat="46.054803" lon="9.472532"><ele>1177.737</ele><time>2026-03-31T19:55:42.976132582Z</time></trkpt><trkpt lat="46.054725" lon="9.472393"><ele>1169.449</ele><time>2026-03-31T19:56:02.976134746Z</time></trkpt><trkpt lat="46.054637" lon="9.472058"><ele>1162.113</ele><time>2026-03-31T19:56:22.976136950Z</time></trkpt><trkpt lat="46.054702" lon="9.471953"><ele>1164.109</ele><time>2026-03-31T19:56:42.976139094Z</time></trkpt><trkpt lat="46.054797" lon="9.471867"><ele>1168.684</ele><time>2026-03-31T19:57:02.976141248Z</time></trkpt><trkpt lat="46.054812" lon="9.471803"><ele>1169.280</ele><time>2026-03-31T19:57:22.976143412Z</time></trkpt><trkpt lat="46.054730" lon="9.471645"><ele>1163.471</ele><time>2026-03-31T19:57:42.976145596Z</time></trkpt><trkpt lat="46.054693" lon="9.471487"><ele>1160.754</ele><time>2026-03-31T19:58:02.976147780Z</time></trkpt><trkpt lat="46.054699" lon="9.471058"><ele>1157.764</ele><time>2026-03-31T19:58:22.976149964Z</time></trkpt><trkpt lat="46.054839" lon="9.470524"><ele>1160.131</ele><time>2026-03-31T19:58:42.976152158Z</time></trkpt><trkpt lat="46.054887" lon="9.470441"><ele>1162.937</ele><time>2026-03-31T19:59:02.976154312Z</time></trkpt><trkpt lat="46.054880" lon="9.470355"><ele>1161.773</ele><time>2026-03-31T19:59:22.976156537Z</time></trkpt><trkpt lat="46.054839" lon="9.470328"><ele>1158.281</ele><time>2026-03-31T19:59:42.976158721Z</time></trkpt><trkpt lat="46.054785" lon="9.470210"><ele>1152.656</ele><time>2026-03-31T20:00:02.976160985Z</time></trkpt><trkpt lat="46.054790" lon="9.470015"><ele>1151.259</ele><time>2026-03-31T20:00:22.976163209Z</time></trkpt><trkpt lat="46.054854" lon="9.469757"><ele>1152.214</ele><time>2026-03-31T20:00:42.976165353Z</time></trkpt><trkpt lat="46.054956" lon="9.469503"><ele>1157.309</ele><time>2026-03-31T20:01:02.976167527Z</time></trkpt><trkpt lat="46.055075" lon="9.469141"><ele>1163.066</ele><time>2026-03-31T20:01:22.976169711Z</time></trkpt><trkpt lat="46.055074" lon="9.468951"><ele>1159.482</ele><time>2026-03-31T20:01:42.976171885Z</time></trkpt><trkpt lat="46.055033" lon="9.468968"><ele>1155.883</ele><time>2026-03-31T20:02:02.976174741Z</time></trkpt><trkpt lat="46.055003" lon="9.468946"><ele>1152.526</ele><time>2026-03-31T20:02:22.976176975Z</time></trkpt><trkpt lat="46.054967" lon="9.468904"><ele>1149.156</ele><time>2026-03-31T20:02:42.976179199Z</time></trkpt><trkpt lat="46.054945" lon="9.468858"><ele>1146.673</ele><time>2026-03-31T20:03:02.976181373Z</time></trkpt><trkpt lat="46.054971" lon="9.468729"><ele>1145.729</ele><time>2026-03-31T20:03:22.976183617Z</time></trkpt><trkpt lat="46.054969" lon="9.468520"><ele>1141.595</ele><time>2026-03-31T20:03:42.976185761Z</time></trkpt><trkpt lat="46.054950" lon="9.468507"><ele>1140.113</ele><time>2026-03-31T20:04:02.976187915Z</time></trkpt><trkpt lat="46.054984" lon="9.468381"><ele>1139.948</ele><time>2026-03-31T20:04:22.976190129Z</time></trkpt><trkpt lat="46.055024" lon="9.468169"><ele>1136.461</ele><time>2026-03-31T20:04:42.976192333Z</time></trkpt><trkpt lat="46.055088" lon="9.467984"><ele>1134.317</ele><time>2026-03-31T20:05:02.976194478Z</time></trkpt><trkpt lat="46.055088" lon="9.467628"><ele>1125.409</ele><time>2026-03-31T20:05:22.976196612Z</time></trkpt><trkpt lat="46.055119" lon="9.467558"><ele>1127.045</ele><time>2026-03-31T20:05:42.976198766Z</time></trkpt><trkpt lat="46.055231" lon="9.467448"><ele>1135.321</ele><time>2026-03-31T20:06:02.976200920Z</time></trkpt><trkpt lat="46.055259" lon="9.467322"><ele>1141.982</ele><time>2026-03-31T20:06:22.976203054Z</time></trkpt><trkpt lat="46.055236" lon="9.467282"><ele>1142.185</ele><time>2026-03-31T20:06:42.976205218Z</time></trkpt><trkpt lat="46.055069" lon="9.467236"><ele>1133.735</ele><time>2026-03-31T20:07:02.976207412Z</time></trkpt><trkpt lat="46.054883" lon="9.467027"><ele>1130.582</ele><time>2026-03-31T20:07:22.976215196Z</time></trkpt><trkpt lat="46.054786" lon="9.466898"><ele>1127.868</ele><time>2026-03-31T20:07:42.976218673Z</time></trkpt><trkpt lat="46.054780" lon="9.466799"><ele>1129.244</ele><time>2026-03-31T20:08:02.976220797Z</time></trkpt><trkpt lat="46.054812" lon="9.466617"><ele>1133.072</ele><time>2026-03-31T20:08:22.976222991Z</time></trkpt><trkpt lat="46.054798" lon="9.466194"><ele>1114.644</ele><time>2026-03-31T20:08:42.976225245Z</time></trkpt><trkpt lat="46.054859" lon="9.465979"><ele>1111.805</ele><time>2026-03-31T20:09:02.976227519Z</time></trkpt><trkpt lat="46.054829" lon="9.465336"><ele>1093.815</ele><time>2026-03-31T20:09:22.976229703Z</time></trkpt><trkpt lat="46.054845" lon="9.465186"><ele>1092.609</ele><time>2026-03-31T20:09:42.976231918Z</time></trkpt><trkpt lat="46.054877" lon="9.465084"><ele>1093.255</ele><time>2026-03-31T20:10:02.976234082Z</time></trkpt><trkpt lat="46.054886" lon="9.464773"><ele>1089.771</ele><time>2026-03-31T20:10:22.976236276Z</time></trkpt><trkpt lat="46.054948" lon="9.464588"><ele>1090.612</ele><time>2026-03-31T20:10:42.976240133Z</time></trkpt><trkpt lat="46.055047" lon="9.464409"><ele>1094.075</ele><time>2026-03-31T20:11:02.976243780Z</time></trkpt><trkpt lat="46.055067" lon="9.464272"><ele>1093.695</ele><time>2026-03-31T20:11:22.976247196Z</time></trkpt><trkpt lat="46.055081" lon="9.463964"><ele>1090.262</ele><time>2026-03-31T20:11:42.976251134Z</time></trkpt><trkpt lat="46.055135" lon="9.463693"><ele>1090.738</ele><time>2026-03-31T20:12:02.976254810Z</time></trkpt><trkpt lat="46.055129" lon="9.463645"><ele>1089.734</ele><time>2026-03-31T20:12:22.976258758Z</time></trkpt><trkpt lat="46.055127" lon="9.463567"><ele>1088.462</ele><time>2026-03-31T20:12:42.976262675Z</time></trkpt><trkpt lat="46.055111" lon="9.463460"><ele>1085.398</ele><time>2026-03-31T20:13:02.976266512Z</time></trkpt><trkpt lat="46.055146" lon="9.463350"><ele>1085.815</ele><time>2026-03-31T20:13:22.976270259Z</time></trkpt><trkpt lat="46.055235" lon="9.463165"><ele>1090.626</ele><time>2026-03-31T20:13:42.976274006Z</time></trkpt><trkpt lat="46.055317" lon="9.463063"><ele>1096.309</ele><time>2026-03-31T20:14:02.976277713Z</time></trkpt><trkpt lat="46.055345" lon="9.462975"><ele>1096.990</ele><time>2026-03-31T20:14:22.976281470Z</time></trkpt><trkpt lat="46.055354" lon="9.462870"><ele>1095.546</ele><time>2026-03-31T20:14:42.976285197Z</time></trkpt><trkpt lat="46.055408" lon="9.462715"><ele>1097.477</ele><time>2026-03-31T20:15:02.976288934Z</time></trkpt><trkpt lat="46.055412" lon="9.462637"><ele>1096.650</ele><time>2026-03-31T20:15:22.976292381Z</time></trkpt><trkpt lat="46.055393" lon="9.462573"><ele>1094.180</ele><time>2026-03-31T20:15:42.976295957Z</time></trkpt><trkpt lat="46.055399" lon="9.462393"><ele>1092.277</ele><time>2026-03-31T20:16:02.976299504Z</time></trkpt><trkpt lat="46.055373" lon="9.462307"><ele>1089.213</ele><time>2026-03-31T20:16:22.976303081Z</time></trkpt><trkpt lat="46.055351" lon="9.462160"><ele>1085.519</ele><time>2026-03-31T20:16:42.976306577Z</time></trkpt><trkpt lat="46.055371" lon="9.461951"><ele>1082.567</ele><time>2026-03-31T20:17:02.976310084Z</time></trkpt><trkpt lat="46.055451" lon="9.461881"><ele>1085.334</ele><time>2026-03-31T20:17:22.976313761Z</time></trkpt><trkpt lat="46.055541" lon="9.461628"><ele>1084.355</ele><time>2026-03-31T20:17:42.976317638Z</time></trkpt><trkpt lat="46.055589" lon="9.461577"><ele>1086.110</ele><time>2026-03-31T20:18:02.976321505Z</time></trkpt><trkpt lat="46.055606" lon="9.461515"><ele>1085.809</ele><time>2026-03-31T20:18:22.976325352Z</time></trkpt><trkpt lat="46.055687" lon="9.461418"><ele>1089.014</ele><time>2026-03-31T20:18:42.976329180Z</time></trkpt><trkpt lat="46.055735" lon="9.461297"><ele>1091.370</ele><time>2026-03-31T20:19:02.976333037Z</time></trkpt><trkpt lat="46.055838" lon="9.461196"><ele>1098.571</ele><time>2026-03-31T20:19:22.976336613Z</time></trkpt><trkpt lat="46.055963" lon="9.461200"><ele>1111.774</ele><time>2026-03-31T20:19:42.976338828Z</time></trkpt><trkpt lat="46.055989" lon="9.461152"><ele>1114.094</ele><time>2026-03-31T20:20:02.976340962Z</time></trkpt><trkpt lat="46.055989" lon="9.461037"><ele>1112.671</ele><time>2026-03-31T20:20:22.976343146Z</time></trkpt><trkpt lat="46.055918" lon="9.460927"><ele>1104.487</ele><time>2026-03-31T20:20:42.976345320Z</time></trkpt><trkpt lat="46.055918" lon="9.460768"><ele>1102.823</ele><time>2026-03-31T20:21:02.976347524Z</time></trkpt><trkpt lat="46.055989" lon="9.460565"><ele>1107.081</ele><time>2026-03-31T20:21:22.976349688Z</time></trkpt><trkpt lat="46.056076" lon="9.460465"><ele>1113.739</ele><time>2026-03-31T20:21:42.976351942Z</time></trkpt><trkpt lat="46.056121" lon="9.460211"><ele>1116.801</ele><time>2026-03-31T20:22:02.976354136Z</time></trkpt><trkpt lat="46.056102" lon="9.460096"><ele>1115.121</ele><time>2026-03-31T20:22:22.976356320Z</time></trkpt><trkpt lat="46.056113" lon="9.459924"><ele>1115.309</ele><time>2026-03-31T20:22:42.976358554Z</time></trkpt><trkpt lat="46.056126" lon="9.459836"><ele>1115.464</ele><time>2026-03-31T20:23:02.976360648Z</time></trkpt><trkpt lat="46.056199" lon="9.459723"><ele>1119.710</ele><time>2026-03-31T20:23:22.976362883Z</time></trkpt><trkpt lat="46.056208" lon="9.459613"><ele>1119.461</ele><time>2026-03-31T20:23:42.976365017Z</time></trkpt><trkpt lat="46.056365" lon="9.459468"><ele>1131.124</ele><time>2026-03-31T20:24:02.976367231Z</time></trkpt><trkpt lat="46.056487" lon="9.459392"><ele>1140.684</ele><time>2026-03-31T20:24:22.976369385Z</time></trkpt><trkpt lat="46.056568" lon="9.459288"><ele>1146.711</ele><time>2026-03-31T20:24:42.976371529Z</time></trkpt><trkpt lat="46.056595" lon="9.459204"><ele>1148.767</ele><time>2026-03-31T20:25:02.976374524Z</time></trkpt><trkpt lat="46.056615" lon="9.459172"><ele>1150.023</ele><time>2026-03-31T20:25:22.976376799Z</time></trkpt><trkpt lat="46.056622" lon="9.459049"><ele>1150.821</ele><time>2026-03-31T20:25:42.976378973Z</time></trkpt><trkpt lat="46.056609" lon="9.458934"><ele>1150.332</ele><time>2026-03-31T20:26:02.976381257Z</time></trkpt><trkpt lat="46.056539" lon="9.458799"><ele>1146.392</ele><time>2026-03-31T20:26:22.976383471Z</time></trkpt><trkpt lat="46.056490" lon="9.458732"><ele>1143.511</ele><time>2026-03-31T20:26:42.976385655Z</time></trkpt><trkpt lat="46.056464" lon="9.458582"><ele>1142.409</ele><time>2026-03-31T20:27:02.976387839Z</time></trkpt><trkpt lat="46.056501" lon="9.458316"><ele>1144.814</ele><time>2026-03-31T20:27:22.976389983Z</time></trkpt><trkpt lat="46.056561" lon="9.458082"><ele>1147.620</ele><time>2026-03-31T20:27:42.976392137Z</time></trkpt><trkpt lat="46.056643" lon="9.458042"><ele>1152.631</ele><time>2026-03-31T20:28:02.976394351Z</time></trkpt><trkpt lat="46.056680" lon="9.457975"><ele>1154.764</ele><time>2026-03-31T20:28:22.976396546Z</time></trkpt><trkpt lat="46.056698" lon="9.457830"><ele>1155.574</ele><time>2026-03-31T20:28:42.976398800Z</time></trkpt><trkpt lat="46.056766" lon="9.457716"><ele>1158.861</ele><time>2026-03-31T20:29:02.976401084Z</time></trkpt><trkpt lat="46.056840" lon="9.457630"><ele>1162.837</ele><time>2026-03-31T20:29:22.976403308Z</time></trkpt><trkpt lat="46.056853" lon="9.457563"><ele>1163.883</ele><time>2026-03-31T20:29:42.976405522Z</time></trkpt><trkpt lat="46.056822" lon="9.457434"><ele>1162.681</ele><time>2026-03-31T20:30:02.976407696Z</time></trkpt><trkpt lat="46.056846" lon="9.457303"><ele>1164.286</ele><time>2026-03-31T20:30:22.976409951Z</time></trkpt><trkpt lat="46.056835" lon="9.457118"><ele>1164.660</ele><time>2026-03-31T20:30:42.976412155Z</time></trkpt><trkpt lat="46.056830" lon="9.457046"><ele>1164.926</ele><time>2026-03-31T20:31:02.976414339Z</time></trkpt><trkpt lat="46.056832" lon="9.456931"><ele>1165.809</ele><time>2026-03-31T20:31:22.976416503Z</time></trkpt><trkpt lat="46.056890" lon="9.456765"><ele>1169.749</ele><time>2026-03-31T20:31:42.976418687Z</time></trkpt><trkpt lat="46.056880" lon="9.456714"><ele>1169.695</ele><time>2026-03-31T20:32:02.976420861Z</time></trkpt><trkpt lat="46.056916" lon="9.456566"><ele>1172.496</ele><time>2026-03-31T20:32:22.976423025Z</time></trkpt><trkpt lat="46.056900" lon="9.456432"><ele>1172.639</ele><time>2026-03-31T20:32:42.976432252Z</time></trkpt><trkpt lat="46.056922" lon="9.456309"><ele>1174.529</ele><time>2026-03-31T20:33:02.976436039Z</time></trkpt><trkpt lat="46.056915" lon="9.456183"><ele>1175.146</ele><time>2026-03-31T20:33:22.976439686Z</time></trkpt><trkpt lat="46.056846" lon="9.456041"><ele>1172.822</ele><time>2026-03-31T20:33:42.976443493Z</time></trkpt><trkpt lat="46.056842" lon="9.455872"><ele>1173.678</ele><time>2026-03-31T20:34:02.976447070Z</time></trkpt><trkpt lat="46.056855" lon="9.455711"><ele>1174.896</ele><time>2026-03-31T20:34:22.976449304Z</time></trkpt><trkpt lat="46.056844" lon="9.455566"><ele>1174.696</ele><time>2026-03-31T20:34:42.976451589Z</time></trkpt><trkpt lat="46.056835" lon="9.455381"><ele>1174.631</ele><time>2026-03-31T20:35:02.976453823Z</time></trkpt><trkpt lat="46.056827" lon="9.455057"><ele>1174.824</ele><time>2026-03-31T20:35:22.976457219Z</time></trkpt><trkpt lat="46.056864" lon="9.454910"><ele>1176.709</ele><time>2026-03-31T20:35:42.976460966Z</time></trkpt><trkpt lat="46.056877" lon="9.454843"><ele>1177.490</ele><time>2026-03-31T20:36:02.976464713Z</time></trkpt><trkpt lat="46.056976" lon="9.454797"><ele>1182.976</ele><time>2026-03-31T20:36:22.976468160Z</time></trkpt><trkpt lat="46.057015" lon="9.454617"><ele>1187.417</ele><time>2026-03-31T20:36:42.976471175Z</time></trkpt><trkpt lat="46.057119" lon="9.454314"><ele>1194.720</ele><time>2026-03-31T20:37:02.976473299Z</time></trkpt><trkpt lat="46.057117" lon="9.454161"><ele>1192.110</ele><time>2026-03-31T20:37:22.976477206Z</time></trkpt><trkpt lat="46.057259" lon="9.453828"><ele>1191.537</ele><time>2026-03-31T20:37:42.976481024Z</time></trkpt><trkpt lat="46.057583" lon="9.453930"><ele>1197.073</ele><time>2026-03-31T20:38:02.976484911Z</time></trkpt><trkpt lat="46.057555" lon="9.454177"><ele>1204.949</ele><time>2026-03-31T20:38:22.976488508Z</time></trkpt><trkpt lat="46.057577" lon="9.454322"><ele>1215.317</ele><time>2026-03-31T20:38:42.976492395Z</time></trkpt><trkpt lat="46.057666" lon="9.454507"><ele>1228.765</ele><time>2026-03-31T20:39:02.976494839Z</time></trkpt><trkpt lat="46.057750" lon="9.454551"><ele>1233.868</ele><time>2026-03-31T20:39:22.976497034Z</time></trkpt><trkpt lat="46.057771" lon="9.454451"><ele>1231.914</ele><time>2026-03-31T20:39:42.976499228Z</time></trkpt><trkpt lat="46.057851" lon="9.454652"><ele>1244.109</ele><time>2026-03-31T20:40:02.976501662Z</time></trkpt><trkpt lat="46.057944" lon="9.454685"><ele>1253.697</ele><time>2026-03-31T20:40:22.976503866Z</time></trkpt><trkpt lat="46.057972" lon="9.454741"><ele>1258.873</ele><time>2026-03-31T20:40:42.976506040Z</time></trkpt><trkpt lat="46.058026" lon="9.454569"><ele>1253.474</ele><time>2026-03-31T20:41:02.976508204Z</time></trkpt><trkpt lat="46.058095" lon="9.454513"><ele>1254.767</ele><time>2026-03-31T20:41:22.976510359Z</time></trkpt><trkpt lat="46.058123" lon="9.454419"><ele>1249.467</ele><time>2026-03-31T20:41:42.976512523Z</time></trkpt><trkpt lat="46.058246" lon="9.454336"><ele>1250.244</ele><time>2026-03-31T20:42:02.976514697Z</time></trkpt><trkpt lat="46.058460" lon="9.454299"><ele>1253.420</ele><time>2026-03-31T20:42:22.976516941Z</time></trkpt><trkpt lat="46.058551" lon="9.454348"><ele>1257.566</ele><time>2026-03-31T20:42:42.976519125Z</time></trkpt><trkpt lat="46.058807" lon="9.454342"><ele>1254.924</ele><time>2026-03-31T20:43:02.976521349Z</time></trkpt><trkpt lat="46.058902" lon="9.454135"><ele>1239.885</ele><time>2026-03-31T20:43:22.976523623Z</time></trkpt><trkpt lat="46.058891" lon="9.454079"><ele>1236.689</ele><time>2026-03-31T20:43:42.976527180Z</time></trkpt><trkpt lat="46.058926" lon="9.454020"><ele>1232.517</ele><time>2026-03-31T20:44:02.976531107Z</time></trkpt><trkpt lat="46.058924" lon="9.453781"><ele>1217.609</ele><time>2026-03-31T20:44:22.976533792Z</time></trkpt><trkpt lat="46.058891" lon="9.453773"><ele>1217.579</ele><time>2026-03-31T20:44:42.976535956Z</time></trkpt><trkpt lat="46.058876" lon="9.453661"><ele>1210.145</ele><time>2026-03-31T20:45:02.976539333Z</time></trkpt><trkpt lat="46.058941" lon="9.453548"><ele>1203.326</ele><time>2026-03-31T20:45:22.976541477Z</time></trkpt><trkpt lat="46.058950" lon="9.453427"><ele>1197.189</ele><time>2026-03-31T20:45:42.976543621Z</time></trkpt><trkpt lat="46.058928" lon="9.453363"><ele>1194.199</ele><time>2026-03-31T20:46:02.976545825Z</time></trkpt><trkpt lat="46.058736" lon="9.453272"><ele>1190.486</ele><time>2026-03-31T20:46:22.976547959Z</time></trkpt><trkpt lat="46.058777" lon="9.453219"><ele>1188.652</ele><time>2026-03-31T20:46:42.976550113Z</time></trkpt><trkpt lat="46.058900" lon="9.453109"><ele>1184.788</ele><time>2026-03-31T20:47:02.976552297Z</time></trkpt><trkpt lat="46.059073" lon="9.453049"><ele>1178.726</ele><time>2026-03-31T20:47:22.976554511Z</time></trkpt><trkpt lat="46.059149" lon="9.452996"><ele>1174.821</ele><time>2026-03-31T20:47:42.976556775Z</time></trkpt><trkpt lat="46.059207" lon="9.453025"><ele>1175.041</ele><time>2026-03-31T20:48:02.976559981Z</time></trkpt><trkpt lat="46.059291" lon="9.453005"><ele>1172.805</ele><time>2026-03-31T20:48:22.976562216Z</time></trkpt><trkpt lat="46.059343" lon="9.452917"><ele>1168.809</ele><time>2026-03-31T20:48:42.976564390Z</time></trkpt><trkpt lat="46.059466" lon="9.452844"><ele>1165.383</ele><time>2026-03-31T20:49:02.976566544Z</time></trkpt><trkpt lat="46.059598" lon="9.452981"><ele>1169.979</ele><time>2026-03-31T20:49:22.976568828Z</time></trkpt><trkpt lat="46.059713" lon="9.453056"><ele>1172.050</ele><time>2026-03-31T20:49:42.976571002Z</time></trkpt><trkpt lat="46.059773" lon="9.453115"><ele>1175.343</ele><time>2026-03-31T20:50:02.976573186Z</time></trkpt><trkpt lat="46.059830" lon="9.453201"><ele>1179.393</ele><time>2026-03-31T20:50:22.976575370Z</time></trkpt><trkpt lat="46.059949" lon="9.453246"><ele>1185.910</ele><time>2026-03-31T20:50:42.976577564Z</time></trkpt><trkpt lat="46.060006" lon="9.453362"><ele>1190.786</ele><time>2026-03-31T20:51:02.976579728Z</time></trkpt><trkpt lat="46.060081" lon="9.453418"><ele>1194.462</ele><time>2026-03-31T20:51:22.976581912Z</time></trkpt><trkpt lat="46.060163" lon="9.453530"><ele>1197.630</ele><time>2026-03-31T20:51:42.976584137Z</time></trkpt><trkpt lat="46.060334" lon="9.453633"><ele>1206.221</ele><time>2026-03-31T20:52:02.976586421Z</time></trkpt><trkpt lat="46.060403" lon="9.453608"><ele>1212.641</ele><time>2026-03-31T20:52:22.976588575Z</time></trkpt><trkpt lat="46.060408" lon="9.453472"><ele>1213.205</ele><time>2026-03-31T20:52:42.976590719Z</time></trkpt><trkpt lat="46.060347" lon="9.453367"><ele>1208.309</ele><time>2026-03-31T20:53:02.976592913Z</time></trkpt><trkpt lat="46.060317" lon="9.453279"><ele>1205.423</ele><time>2026-03-31T20:53:22.976595077Z</time></trkpt><trkpt lat="46.060311" lon="9.453190"><ele>1203.869</ele><time>2026-03-31T20:53:42.976597261Z</time></trkpt><trkpt lat="46.060324" lon="9.453115"><ele>1203.620</ele><time>2026-03-31T20:54:02.976599425Z</time></trkpt><trkpt lat="46.060453" lon="9.453021"><ele>1209.473</ele><time>2026-03-31T20:54:22.976601619Z</time></trkpt><trkpt lat="46.060527" lon="9.452992"><ele>1212.983</ele><time>2026-03-31T20:54:42.976603853Z</time></trkpt><trkpt lat="46.060624" lon="9.452895"><ele>1216.790</ele><time>2026-03-31T20:55:02.976606038Z</time></trkpt><trkpt lat="46.060691" lon="9.452766"><ele>1217.116</ele><time>2026-03-31T20:55:22.976608162Z</time></trkpt><trkpt lat="46.060713" lon="9.452632"><ele>1211.842</ele><time>2026-03-31T20:55:42.976610356Z</time></trkpt><trkpt lat="46.060724" lon="9.452423"><ele>1202.250</ele><time>2026-03-31T20:56:02.976612520Z</time></trkpt><trkpt lat="46.060765" lon="9.452310"><ele>1199.922</ele><time>2026-03-31T20:56:22.976614794Z</time></trkpt><trkpt lat="46.060758" lon="9.452136"><ele>1195.862</ele><time>2026-03-31T20:56:42.976616978Z</time></trkpt><trkpt lat="46.060680" lon="9.452147"><ele>1192.008</ele><time>2026-03-31T20:57:02.976619182Z</time></trkpt><trkpt lat="46.060574" lon="9.452128"><ele>1187.209</ele><time>2026-03-31T20:57:22.976621356Z</time></trkpt><trkpt lat="46.060427" lon="9.451972"><ele>1186.223</ele><time>2026-03-31T20:57:42.976623520Z</time></trkpt><trkpt lat="46.060359" lon="9.451946"><ele>1184.629</ele><time>2026-03-31T20:58:02.976632697Z</time></trkpt><trkpt lat="46.060285" lon="9.451876"><ele>1184.770</ele><time>2026-03-31T20:58:22.976635182Z</time></trkpt><trkpt lat="46.060244" lon="9.451809"><ele>1186.133</ele><time>2026-03-31T20:58:42.976637336Z</time></trkpt><trkpt lat="46.060166" lon="9.451702"><ele>1188.013</ele><time>2026-03-31T20:59:02.976639540Z</time></trkpt><trkpt lat="46.060082" lon="9.451640"><ele>1187.990</ele><time>2026-03-31T20:59:22.976641724Z</time></trkpt><trkpt lat="46.060022" lon="9.451548"><ele>1189.426</ele><time>2026-03-31T20:59:42.976643918Z</time></trkpt><trkpt lat="46.059921" lon="9.451511"><ele>1187.152</ele><time>2026-03-31T21:00:02.976646243Z</time></trkpt><trkpt lat="46.059867" lon="9.451444"><ele>1187.680</ele><time>2026-03-31T21:00:22.976648447Z</time></trkpt><trkpt lat="46.059778" lon="9.451379"><ele>1187.226</ele><time>2026-03-31T21:00:42.976650721Z</time></trkpt><trkpt lat="46.059723" lon="9.451310"><ele>1188.147</ele><time>2026-03-31T21:01:02.976652975Z</time></trkpt><trkpt lat="46.059651" lon="9.451221"><ele>1187.511</ele><time>2026-03-31T21:01:22.976655200Z</time></trkpt><trkpt lat="46.059565" lon="9.451138"><ele>1185.909</ele><time>2026-03-31T21:01:42.976657394Z</time></trkpt><trkpt lat="46.059461" lon="9.451141"><ele>1179.863</ele><time>2026-03-31T21:02:02.976659558Z</time></trkpt><trkpt lat="46.059357" lon="9.451114"><ele>1176.449</ele><time>2026-03-31T21:02:22.976661752Z</time></trkpt><trkpt lat="46.059273" lon="9.451026"><ele>1177.080</ele><time>2026-03-31T21:02:42.976663906Z</time></trkpt><trkpt lat="46.059204" lon="9.450938"><ele>1178.063</ele><time>2026-03-31T21:03:02.976666040Z</time></trkpt><trkpt lat="46.059145" lon="9.450871"><ele>1178.753</ele><time>2026-03-31T21:03:22.976668214Z</time></trkpt><trkpt lat="46.059031" lon="9.450790"><ele>1178.460</ele><time>2026-03-31T21:03:42.976670408Z</time></trkpt><trkpt lat="46.058989" lon="9.450697"><ele>1179.816</ele><time>2026-03-31T21:04:02.976672642Z</time></trkpt><trkpt lat="46.058954" lon="9.450619"><ele>1180.842</ele><time>2026-03-31T21:04:22.976674796Z</time></trkpt><trkpt lat="46.058885" lon="9.450536"><ele>1180.530</ele><time>2026-03-31T21:04:42.976676990Z</time></trkpt><trkpt lat="46.058854" lon="9.450445"><ele>1182.213</ele><time>2026-03-31T21:05:02.976679244Z</time></trkpt><trkpt lat="46.058828" lon="9.450354"><ele>1184.243</ele><time>2026-03-31T21:05:22.976681429Z</time></trkpt><trkpt lat="46.058779" lon="9.450230"><ele>1185.607</ele><time>2026-03-31T21:05:42.976683673Z</time></trkpt><trkpt lat="46.058749" lon="9.450107"><ele>1186.909</ele><time>2026-03-31T21:06:02.976685877Z</time></trkpt><trkpt lat="46.058764" lon="9.450026"><ele>1189.622</ele><time>2026-03-31T21:06:22.976688041Z</time></trkpt><trkpt lat="46.058850" lon="9.450042"><ele>1193.928</ele><time>2026-03-31T21:06:42.976690225Z</time></trkpt><trkpt lat="46.058948" lon="9.450107"><ele>1196.349</ele><time>2026-03-31T21:07:02.976692449Z</time></trkpt><trkpt lat="46.059014" lon="9.450223"><ele>1195.892</ele><time>2026-03-31T21:07:22.976694633Z</time></trkpt><trkpt lat="46.059104" lon="9.450188"><ele>1199.812</ele><time>2026-03-31T21:07:42.976698591Z</time></trkpt><trkpt lat="46.059278" lon="9.450209"><ele>1206.579</ele><time>2026-03-31T21:08:02.976702909Z</time></trkpt><trkpt lat="46.059436" lon="9.449936"><ele>1221.235</ele><time>2026-03-31T21:08:22.976705223Z</time></trkpt><trkpt lat="46.059622" lon="9.449803"><ele>1233.121</ele><time>2026-03-31T21:08:42.976707417Z</time></trkpt><trkpt lat="46.059814" lon="9.449800"><ele>1241.059</ele><time>2026-03-31T21:09:02.976709641Z</time></trkpt><trkpt lat="46.059880" lon="9.449728"><ele>1245.083</ele><time>2026-03-31T21:09:22.976711896Z</time></trkpt><trkpt lat="46.059979" lon="9.449670"><ele>1249.325</ele><time>2026-03-31T21:09:42.976714130Z</time></trkpt><trkpt lat="46.059932" lon="9.449581"><ele>1249.517</ele><time>2026-03-31T21:10:02.976716384Z</time></trkpt><trkpt lat="46.059908" lon="9.449482"><ele>1250.609</ele><time>2026-03-31T21:10:22.976718588Z</time></trkpt><trkpt lat="46.059904" lon="9.449275"><ele>1254.779</ele><time>2026-03-31T21:10:42.976720943Z</time></trkpt><trkpt lat="46.059826" lon="9.449082"><ele>1256.285</ele><time>2026-03-31T21:11:02.976723117Z</time></trkpt><trkpt lat="46.059927" lon="9.448964"><ele>1262.956</ele><time>2026-03-31T21:11:22.976725962Z</time></trkpt><trkpt lat="46.059964" lon="9.448994"><ele>1263.629</ele><time>2026-03-31T21:11:42.976728136Z</time></trkpt><trkpt lat="46.060023" lon="9.448945"><ele>1267.469</ele><time>2026-03-31T21:12:02.976730310Z</time></trkpt><trkpt lat="46.060109" lon="9.449047"><ele>1268.216</ele><time>2026-03-31T21:12:22.976732524Z</time></trkpt><trkpt lat="46.060148" lon="9.449096"><ele>1268.452</ele><time>2026-03-31T21:12:42.976734738Z</time></trkpt><trkpt lat="46.060161" lon="9.449187"><ele>1266.428</ele><time>2026-03-31T21:13:02.976736912Z</time></trkpt><trkpt lat="46.060295" lon="9.449329"><ele>1268.216</ele><time>2026-03-31T21:13:22.976739106Z</time></trkpt><trkpt lat="46.060364" lon="9.449307"><ele>1272.529</ele><time>2026-03-31T21:13:42.976741401Z</time></trkpt><trkpt lat="46.060413" lon="9.449233"><ele>1277.300</ele><time>2026-03-31T21:14:02.976743645Z</time></trkpt><trkpt lat="46.060439" lon="9.449289"><ele>1276.920</ele><time>2026-03-31T21:14:22.976745819Z</time></trkpt><trkpt lat="46.060506" lon="9.449217"><ele>1282.709</ele><time>2026-03-31T21:14:42.976748013Z</time></trkpt><trkpt lat="46.060502" lon="9.449128"><ele>1285.023</ele><time>2026-03-31T21:15:02.976756820Z</time></trkpt><trkpt lat="46.060574" lon="9.449083"><ele>1289.489</ele><time>2026-03-31T21:15:22.976759024Z</time></trkpt><trkpt lat="46.060538" lon="9.449011"><ele>1289.510</ele><time>2026-03-31T21:15:42.976761208Z</time></trkpt><trkpt lat="46.060555" lon="9.448911"><ele>1292.513</ele><time>2026-03-31T21:16:02.976763322Z</time></trkpt><trkpt lat="46.060512" lon="9.448793"><ele>1293.583</ele><time>2026-03-31T21:16:22.976765506Z</time></trkpt><trkpt lat="46.060471" lon="9.448664"><ele>1295.240</ele><time>2026-03-31T21:16:42.976767690Z</time></trkpt><trkpt lat="46.060504" lon="9.448624"><ele>1297.646</ele><time>2026-03-31T21:17:02.976769854Z</time></trkpt><trkpt lat="46.060525" lon="9.448586"><ele>1299.522</ele><time>2026-03-31T21:17:22.976772028Z</time></trkpt><trkpt lat="46.060490" lon="9.448543"><ele>1299.340</ele><time>2026-03-31T21:17:42.976774232Z</time></trkpt><trkpt lat="46.060460" lon="9.448396"><ele>1302.196</ele><time>2026-03-31T21:18:02.976776486Z</time></trkpt><trkpt lat="46.060389" lon="9.448259"><ele>1302.831</ele><time>2026-03-31T21:18:22.976778691Z</time></trkpt><trkpt lat="46.060365" lon="9.448039"><ele>1307.924</ele><time>2026-03-31T21:18:42.976780935Z</time></trkpt><trkpt lat="46.060441" lon="9.448070"><ele>1310.109</ele><time>2026-03-31T21:19:02.976783590Z</time></trkpt><trkpt lat="46.060490" lon="9.448038"><ele>1312.980</ele><time>2026-03-31T21:19:22.976785844Z</time></trkpt><trkpt lat="46.060516" lon="9.448070"><ele>1313.126</ele><time>2026-03-31T21:19:42.976788058Z</time></trkpt><trkpt lat="46.060569" lon="9.448040"><ele>1316.187</ele><time>2026-03-31T21:20:02.976790242Z</time></trkpt><trkpt lat="46.060569" lon="9.447998"><ele>1317.140</ele><time>2026-03-31T21:20:22.976792416Z</time></trkpt><trkpt lat="46.060543" lon="9.447960"><ele>1316.940</ele><time>2026-03-31T21:20:42.976794590Z</time></trkpt><trkpt lat="46.060540" lon="9.447888"><ele>1318.627</ele><time>2026-03-31T21:21:02.976796764Z</time></trkpt><trkpt lat="46.060594" lon="9.447845"><ele>1322.213</ele><time>2026-03-31T21:21:22.976798928Z</time></trkpt><trkpt lat="46.060625" lon="9.447802"><ele>1324.959</ele><time>2026-03-31T21:21:42.976801102Z</time></trkpt><trkpt lat="46.060801" lon="9.447812"><ele>1333.517</ele><time>2026-03-31T21:22:02.976803287Z</time></trkpt><trkpt lat="46.060853" lon="9.447903"><ele>1333.861</ele><time>2026-03-31T21:22:22.976805521Z</time></trkpt><trkpt lat="46.060928" lon="9.447946"><ele>1336.621</ele><time>2026-03-31T21:22:42.976807745Z</time></trkpt><trkpt lat="46.060987" lon="9.448005"><ele>1338.413</ele><time>2026-03-31T21:23:02.976809949Z</time></trkpt><trkpt lat="46.061060" lon="9.447999"><ele>1342.309</ele><time>2026-03-31T21:23:22.976818816Z</time></trkpt><trkpt lat="46.061090" lon="9.448061"><ele>1342.867</ele><time>2026-03-31T21:23:42.976822583Z</time></trkpt><trkpt lat="46.061172" lon="9.448077"><ele>1346.173</ele><time>2026-03-31T21:24:02.976826450Z</time></trkpt><trkpt lat="46.061136" lon="9.447728"><ele>1350.984</ele><time>2026-03-31T21:24:22.976829435Z</time></trkpt><trkpt lat="46.061492" lon="9.448095"><ele>1357.497</ele><time>2026-03-31T21:24:42.976831640Z</time></trkpt><trkpt lat="46.061711" lon="9.448172"><ele>1360.557</ele><time>2026-03-31T21:25:02.976833824Z</time></trkpt><trkpt lat="46.061904" lon="9.448096"><ele>1362.694</ele><time>2026-03-31T21:25:22.976835948Z</time></trkpt><trkpt lat="46.062143" lon="9.448068"><ele>1355.730</ele><time>2026-03-31T21:25:42.976838152Z</time></trkpt><trkpt lat="46.062269" lon="9.447832"><ele>1360.266</ele><time>2026-03-31T21:26:02.976840346Z</time></trkpt><trkpt lat="46.062388" lon="9.447741"><ele>1359.874</ele><time>2026-03-31T21:26:22.976842570Z</time></trkpt><trkpt lat="46.062462" lon="9.447572"><ele>1365.626</ele><time>2026-03-31T21:26:42.976845165Z</time></trkpt><trkpt lat="46.062588" lon="9.447481"><ele>1366.947</ele><time>2026-03-31T21:27:02.976847409Z</time></trkpt><trkpt lat="46.062655" lon="9.447358"><ele>1371.111</ele><time>2026-03-31T21:27:22.976849553Z</time></trkpt><trkpt lat="46.062784" lon="9.447280"><ele>1372.209</ele><time>2026-03-31T21:27:42.976851727Z</time></trkpt><trkpt lat="46.062804" lon="9.447229"><ele>1374.153</ele><time>2026-03-31T21:28:02.976853911Z</time></trkpt><trkpt lat="46.062875" lon="9.447173"><ele>1375.219</ele><time>2026-03-31T21:28:22.976856085Z</time></trkpt><trkpt lat="46.062942" lon="9.447146"><ele>1375.070</ele><time>2026-03-31T21:28:42.976858310Z</time></trkpt><trkpt lat="46.062981" lon="9.447084"><ele>1377.153</ele><time>2026-03-31T21:29:02.976860504Z</time></trkpt><trkpt lat="46.063050" lon="9.447039"><ele>1377.723</ele><time>2026-03-31T21:29:22.976862738Z</time></trkpt><trkpt lat="46.063078" lon="9.446977"><ele>1380.190</ele><time>2026-03-31T21:29:42.976864912Z</time></trkpt><trkpt lat="46.063146" lon="9.446964"><ele>1379.556</ele><time>2026-03-31T21:30:02.976867076Z</time></trkpt><trkpt lat="46.063492" lon="9.446756"><ele>1382.652</ele><time>2026-03-31T21:30:22.976869270Z</time></trkpt><trkpt lat="46.063641" lon="9.446517"><ele>1393.580</ele><time>2026-03-31T21:30:42.976871474Z</time></trkpt><trkpt lat="46.063634" lon="9.446284"><ele>1403.641</ele><time>2026-03-31T21:31:02.976873718Z</time></trkpt><trkpt lat="46.063721" lon="9.446260"><ele>1403.881</ele><time>2026-03-31T21:31:22.976875963Z</time></trkpt><trkpt lat="46.063768" lon="9.446187"><ele>1406.109</ele><time>2026-03-31T21:31:42.976878137Z</time></trkpt><trkpt lat="46.063714" lon="9.446147"><ele>1408.009</ele><time>2026-03-31T21:32:02.976880331Z</time></trkpt><trkpt lat="46.063725" lon="9.446067"><ele>1410.755</ele><time>2026-03-31T21:32:22.976882515Z</time></trkpt><trkpt lat="46.063805" lon="9.445860"><ele>1417.461</ele><time>2026-03-31T21:32:42.976884719Z</time></trkpt><trkpt lat="46.063939" lon="9.445715"><ele>1421.662</ele><time>2026-03-31T21:33:02.976886883Z</time></trkpt><trkpt lat="46.063974" lon="9.445619"><ele>1424.445</ele><time>2026-03-31T21:33:22.976889057Z</time></trkpt><trkpt lat="46.064067" lon="9.445554"><ele>1425.885</ele><time>2026-03-31T21:33:42.976891231Z</time></trkpt><trkpt lat="46.064097" lon="9.445460"><ele>1428.522</ele><time>2026-03-31T21:34:02.976893425Z</time></trkpt><trkpt lat="46.063905" lon="9.445415"><ele>1431.018</ele><time>2026-03-31T21:34:22.976896150Z</time></trkpt><trkpt lat="46.063826" lon="9.445409"><ele>1431.784</ele><time>2026-03-31T21:34:42.976898334Z</time></trkpt><trkpt lat="46.063649" lon="9.445283"><ele>1437.412</ele><time>2026-03-31T21:35:02.976900529Z</time></trkpt><trkpt lat="46.063550" lon="9.445264"><ele>1439.618</ele><time>2026-03-31T21:35:22.976902803Z</time></trkpt><trkpt lat="46.063515" lon="9.445222"><ele>1441.998</ele><time>2026-03-31T21:35:42.976905017Z</time></trkpt><trkpt lat="46.063278" lon="9.445184"><ele>1447.417</ele><time>2026-03-31T21:36:02.976907221Z</time></trkpt><trkpt lat="46.063190" lon="9.445188"><ele>1448.309</ele><time>2026-03-31T21:36:22.976909485Z</time></trkpt><trkpt lat="46.063130" lon="9.445151"><ele>1450.632</ele><time>2026-03-31T21:36:42.976911639Z</time></trkpt><trkpt lat="46.063036" lon="9.445159"><ele>1451.438</ele><time>2026-03-31T21:37:02.976913813Z</time></trkpt><trkpt lat="46.062915" lon="9.445186"><ele>1452.089</ele><time>2026-03-31T21:37:22.976916088Z</time></trkpt><trkpt lat="46.062820" lon="9.445236"><ele>1451.742</ele><time>2026-03-31T21:37:42.976918292Z</time></trkpt><trkpt lat="46.062595" lon="9.445352"><ele>1451.022</ele><time>2026-03-31T21:38:02.976920506Z</time></trkpt><trkpt lat="46.062519" lon="9.445312"><ele>1452.939</ele><time>2026-03-31T21:38:22.976922700Z</time></trkpt><trkpt lat="46.062422" lon="9.445199"><ele>1455.875</ele><time>2026-03-31T21:38:42.976924934Z</time></trkpt><trkpt lat="46.062306" lon="9.445104"><ele>1457.451</ele><time>2026-03-31T21:39:02.976927078Z</time></trkpt><trkpt lat="46.062185" lon="9.444957"><ele>1459.069</ele><time>2026-03-31T21:39:22.976929262Z</time></trkpt><trkpt lat="46.062040" lon="9.444737"><ele>1459.598</ele><time>2026-03-31T21:39:42.976931527Z</time></trkpt><trkpt lat="46.061929" lon="9.444414"><ele>1464.015</ele><time>2026-03-31T21:40:02.976933711Z</time></trkpt><trkpt lat="46.061769" lon="9.444119"><ele>1462.826</ele><time>2026-03-31T21:40:22.976935905Z</time></trkpt><trkpt lat="46.061526" lon="9.443776"><ele>1456.509</ele><time>2026-03-31T21:40:42.976938149Z</time></trkpt><trkpt lat="46.061482" lon="9.443454"><ele>1458.220</ele><time>2026-03-31T21:41:02.976941816Z</time></trkpt><trkpt lat="46.061536" lon="9.443045"><ele>1464.266</ele><time>2026-03-31T21:41:22.976945543Z</time></trkpt><trkpt lat="46.061550" lon="9.442622"><ele>1469.287</ele><time>2026-03-31T21:41:42.976949220Z</time></trkpt><trkpt lat="46.061659" lon="9.442189"><ele>1474.620</ele><time>2026-03-31T21:42:02.976952886Z</time></trkpt><trkpt lat="46.061772" lon="9.441490"><ele>1481.580</ele><time>2026-03-31T21:42:22.976956613Z</time></trkpt><trkpt lat="46.061759" lon="9.441060"><ele>1486.157</ele><time>2026-03-31T21:42:42.976960310Z</time></trkpt><trkpt lat="46.061707" lon="9.440658"><ele>1489.693</ele><time>2026-03-31T21:43:02.976964128Z</time></trkpt><trkpt lat="46.061537" lon="9.440124"><ele>1480.569</ele><time>2026-03-31T21:43:22.976967864Z</time></trkpt><trkpt lat="46.061530" lon="9.439732"><ele>1474.717</ele><time>2026-03-31T21:43:42.976971612Z</time></trkpt><trkpt lat="46.061584" lon="9.439225"><ele>1473.527</ele><time>2026-03-31T21:44:02.976975439Z</time></trkpt><trkpt lat="46.061645" lon="9.438962"><ele>1479.668</ele><time>2026-03-31T21:44:22.976979256Z</time></trkpt><trkpt lat="46.061658" lon="9.438678"><ele>1484.414</ele><time>2026-03-31T21:44:42.976983073Z</time></trkpt><trkpt lat="46.061632" lon="9.438354"><ele>1486.309</ele><time>2026-03-31T21:45:02.976986740Z</time></trkpt><trkpt lat="46.061725" lon="9.437796"><ele>1489.773</ele><time>2026-03-31T21:45:22.976990347Z</time></trkpt><trkpt lat="46.061693" lon="9.437430"><ele>1486.989</ele><time>2026-03-31T21:45:42.976993993Z</time></trkpt><trkpt lat="46.061715" lon="9.437376"><ele>1489.980</ele><time>2026-03-31T21:46:02.976997650Z</time></trkpt><trkpt lat="46.061717" lon="9.437341"><ele>1490.893</ele><time>2026-03-31T21:46:22.977001177Z</time></trkpt><trkpt lat="46.061626" lon="9.437239"><ele>1488.823</ele><time>2026-03-31T21:46:42.977004693Z</time></trkpt><trkpt lat="46.061358" lon="9.436569"><ele>1501.660</ele><time>2026-03-31T21:47:02.977008531Z</time></trkpt><trkpt lat="46.061385" lon="9.435730"><ele>1528.956</ele><time>2026-03-31T21:47:22.977012508Z</time></trkpt><trkpt lat="46.061325" lon="9.435590"><ele>1527.632</ele><time>2026-03-31T21:47:42.977016215Z</time></trkpt><trkpt lat="46.061281" lon="9.435330"><ele>1529.410</ele><time>2026-03-31T21:48:02.977019962Z</time></trkpt><trkpt lat="46.061247" lon="9.434780"><ele>1543.336</ele><time>2026-03-31T21:48:22.977030271Z</time></trkpt><trkpt lat="46.061031" lon="9.434370"><ele>1540.317</ele><time>2026-03-31T21:48:42.977034319Z</time></trkpt><trkpt lat="46.061023" lon="9.434206"><ele>1541.818</ele><time>2026-03-31T21:49:02.977036813Z</time></trkpt><trkpt lat="46.061057" lon="9.434064"><ele>1545.209</ele><time>2026-03-31T21:49:22.977039028Z</time></trkpt><trkpt lat="46.061083" lon="9.433745"><ele>1550.024</ele><time>2026-03-31T21:49:42.977041382Z</time></trkpt><trkpt lat="46.061073" lon="9.433373"><ele>1553.480</ele><time>2026-03-31T21:50:02.977043586Z</time></trkpt><trkpt lat="46.060994" lon="9.433248"><ele>1550.381</ele><time>2026-03-31T21:50:22.977045911Z</time></trkpt><trkpt lat="46.060856" lon="9.432913"><ele>1547.624</ele><time>2026-03-31T21:50:42.977048115Z</time></trkpt><trkpt lat="46.060828" lon="9.432765"><ele>1548.944</ele><time>2026-03-31T21:51:02.977050249Z</time></trkpt><trkpt lat="46.060763" lon="9.432602"><ele>1547.991</ele><time>2026-03-31T21:51:22.977052463Z</time></trkpt><trkpt lat="46.060758" lon="9.432551"><ele>1548.157</ele><time>2026-03-31T21:51:42.977054667Z</time></trkpt><trkpt lat="46.060790" lon="9.432459"><ele>1548.363</ele><time>2026-03-31T21:52:02.977056861Z</time></trkpt><trkpt lat="46.060857" lon="9.432392"><ele>1548.731</ele><time>2026-03-31T21:52:22.977059075Z</time></trkpt><trkpt lat="46.060905" lon="9.432341"><ele>1549.072</ele><time>2026-03-31T21:52:42.977061379Z</time></trkpt><trkpt lat="46.061139" lon="9.432030"><ele>1550.613</ele><time>2026-03-31T21:53:02.977063624Z</time></trkpt><trkpt lat="46.061328" lon="9.431850"><ele>1552.714</ele><time>2026-03-31T21:53:22.977065908Z</time></trkpt><trkpt lat="46.061514" lon="9.431789"><ele>1558.909</ele><time>2026-03-31T21:53:42.977068132Z</time></trkpt><trkpt lat="46.061575" lon="9.431636"><ele>1559.458</ele><time>2026-03-31T21:54:02.977070326Z</time></trkpt><trkpt lat="46.061462" lon="9.431105"><ele>1565.024</ele><time>2026-03-31T21:54:22.977072510Z</time></trkpt><trkpt lat="46.061436" lon="9.431008"><ele>1564.615</ele><time>2026-03-31T21:54:42.977074704Z</time></trkpt><trkpt lat="46.061328" lon="9.430611"><ele>1561.768</ele><time>2026-03-31T21:55:02.977076959Z</time></trkpt><trkpt lat="46.061330" lon="9.430393"><ele>1563.198</ele><time>2026-03-31T21:55:22.977079173Z</time></trkpt><trkpt lat="46.061325" lon="9.430235"><ele>1563.085</ele><time>2026-03-31T21:55:42.977081347Z</time></trkpt><trkpt lat="46.061323" lon="9.430122"><ele>1562.271</ele><time>2026-03-31T21:56:02.977083521Z</time></trkpt><trkpt lat="46.061306" lon="9.429999"><ele>1560.587</ele><time>2026-03-31T21:56:22.977085695Z</time></trkpt><trkpt lat="46.061324" lon="9.429731"><ele>1559.085</ele><time>2026-03-31T21:56:42.977087889Z</time></trkpt><trkpt lat="46.061449" lon="9.429268"><ele>1560.924</ele><time>2026-03-31T21:57:02.977090153Z</time></trkpt><trkpt lat="46.061602" lon="9.428927"><ele>1572.804</ele><time>2026-03-31T21:57:22.977093209Z</time></trkpt><trkpt lat="46.061618" lon="9.428764"><ele>1576.514</ele><time>2026-03-31T21:57:42.977095443Z</time></trkpt><trkpt lat="46.061563" lon="9.428531"><ele>1576.509</ele><time>2026-03-31T21:58:02.977097647Z</time></trkpt><trkpt lat="46.061553" lon="9.428292"><ele>1578.623</ele><time>2026-03-31T21:58:22.977099801Z</time></trkpt><trkpt lat="46.061495" lon="9.428076"><ele>1578.269</ele><time>2026-03-31T21:58:42.977101995Z</time></trkpt><trkpt lat="46.061425" lon="9.427529"><ele>1579.210</ele><time>2026-03-31T21:59:02.977104180Z</time></trkpt><trkpt lat="46.061451" lon="9.427301"><ele>1582.713</ele><time>2026-03-31T21:59:22.977106374Z</time></trkpt><trkpt lat="46.061351" lon="9.427054"><ele>1581.153</ele><time>2026-03-31T21:59:42.977108548Z</time></trkpt><trkpt lat="46.061212" lon="9.426655"><ele>1587.750</ele><time>2026-03-31T22:00:02.977110742Z</time></trkpt><trkpt lat="46.061073" lon="9.426445"><ele>1589.246</ele><time>2026-03-31T22:00:22.977112916Z</time></trkpt><trkpt lat="46.061070" lon="9.426319"><ele>1593.162</ele><time>2026-03-31T22:00:42.977115100Z</time></trkpt><trkpt lat="46.061027" lon="9.426239"><ele>1594.520</ele><time>2026-03-31T22:01:02.977117284Z</time></trkpt><trkpt lat="46.061027" lon="9.426008"><ele>1600.322</ele><time>2026-03-31T22:01:22.977119568Z</time></trkpt><trkpt lat="46.060997" lon="9.425906"><ele>1601.862</ele><time>2026-03-31T22:01:42.977121853Z</time></trkpt><trkpt lat="46.060991" lon="9.425784"><ele>1602.908</ele><time>2026-03-31T22:02:02.977124047Z</time></trkpt><trkpt lat="46.060916" lon="9.425562"><ele>1602.009</ele><time>2026-03-31T22:02:22.977126211Z</time></trkpt><trkpt lat="46.060913" lon="9.425511"><ele>1601.893</ele><time>2026-03-31T22:02:42.977128375Z</time></trkpt><trkpt lat="46.060822" lon="9.425460"><ele>1601.619</ele><time>2026-03-31T22:03:02.977130589Z</time></trkpt><trkpt lat="46.060671" lon="9.425232"><ele>1600.490</ele><time>2026-03-31T22:03:22.977132763Z</time></trkpt><trkpt lat="46.060704" lon="9.425168"><ele>1599.363</ele><time>2026-03-31T22:03:42.977134967Z</time></trkpt><trkpt lat="46.060752" lon="9.425130"><ele>1598.213</ele><time>2026-03-31T22:04:02.977137211Z</time></trkpt><trkpt lat="46.060912" lon="9.425036"><ele>1594.470</ele><time>2026-03-31T22:04:22.977139385Z</time></trkpt><trkpt lat="46.060979" lon="9.424993"><ele>1592.576</ele><time>2026-03-31T22:04:42.977141529Z</time></trkpt><trkpt lat="46.061081" lon="9.424943"><ele>1589.432</ele><time>2026-03-31T22:05:02.977143673Z</time></trkpt><trkpt lat="46.061239" lon="9.424718"><ele>1586.290</ele><time>2026-03-31T22:05:22.977145837Z</time></trkpt><trkpt lat="46.061421" lon="9.424303"><ele>1578.865</ele><time>2026-03-31T22:05:42.977148132Z</time></trkpt><trkpt lat="46.061429" lon="9.424177"><ele>1574.468</ele><time>2026-03-31T22:06:02.977150356Z</time></trkpt><trkpt lat="46.061490" lon="9.424057"><ele>1574.214</ele><time>2026-03-31T22:06:22.977152540Z</time></trkpt><trkpt lat="46.061594" lon="9.424031"><ele>1581.409</ele><time>2026-03-31T22:06:42.977154774Z</time></trkpt><trkpt lat="46.061727" lon="9.423913"><ele>1586.277</ele><time>2026-03-31T22:07:02.977156968Z</time></trkpt><trkpt lat="46.061851" lon="9.423637"><ele>1586.873</ele><time>2026-03-31T22:07:22.977159132Z</time></trkpt><trkpt lat="46.061948" lon="9.423524"><ele>1590.154</ele><time>2026-03-31T22:07:42.977161286Z</time></trkpt><trkpt lat="46.061962" lon="9.423238"><ele>1586.187</ele><time>2026-03-31T22:08:02.977163450Z</time></trkpt><trkpt lat="46.062055" lon="9.422656"><ele>1581.397</ele><time>2026-03-31T22:08:22.977165645Z</time></trkpt><trkpt lat="46.062109" lon="9.422543"><ele>1577.174</ele><time>2026-03-31T22:08:42.977167809Z</time></trkpt><trkpt lat="46.062236" lon="9.422526"><ele>1579.070</ele><time>2026-03-31T22:09:02.977170013Z</time></trkpt><trkpt lat="46.062340" lon="9.422545"><ele>1575.066</ele><time>2026-03-31T22:09:22.977172237Z</time></trkpt><trkpt lat="46.062285" lon="9.422456"><ele>1570.244</ele><time>2026-03-31T22:09:42.977174401Z</time></trkpt><trkpt lat="46.062433" lon="9.422442"><ele>1561.573</ele><time>2026-03-31T22:10:02.977176665Z</time></trkpt><trkpt lat="46.062596" lon="9.422519"><ele>1561.185</ele><time>2026-03-31T22:10:22.977178899Z</time></trkpt><trkpt lat="46.062750" lon="9.422648"><ele>1564.413</ele><time>2026-03-31T22:10:42.977181103Z</time></trkpt><trkpt lat="46.062943" lon="9.422749"><ele>1563.109</ele><time>2026-03-31T22:11:02.977183338Z</time></trkpt><trkpt lat="46.063101" lon="9.422776"><ele>1560.628</ele><time>2026-03-31T22:11:22.977185532Z</time></trkpt><trkpt lat="46.063288" lon="9.422731"><ele>1561.214</ele><time>2026-03-31T22:11:42.977187716Z</time></trkpt><trkpt lat="46.063354" lon="9.422689"><ele>1561.235</ele><time>2026-03-31T22:12:02.977189900Z</time></trkpt><trkpt lat="46.063544" lon="9.422485"><ele>1557.558</ele><time>2026-03-31T22:12:22.977192124Z</time></trkpt><trkpt lat="46.063626" lon="9.422461"><ele>1560.198</ele><time>2026-03-31T22:12:42.977194298Z</time></trkpt><trkpt lat="46.063752" lon="9.422324"><ele>1566.895</ele><time>2026-03-31T22:13:02.977196532Z</time></trkpt><trkpt lat="46.063816" lon="9.422258"><ele>1569.571</ele><time>2026-03-31T22:13:22.977198716Z</time></trkpt><trkpt lat="46.063940" lon="9.422182"><ele>1574.937</ele><time>2026-03-31T22:13:42.977206521Z</time></trkpt><trkpt lat="46.064063" lon="9.421929"><ele>1568.415</ele><time>2026-03-31T22:14:02.977210398Z</time></trkpt><trkpt lat="46.064135" lon="9.421848"><ele>1568.076</ele><time>2026-03-31T22:14:22.977214165Z</time></trkpt><trkpt lat="46.064280" lon="9.421803"><ele>1570.390</ele><time>2026-03-31T22:14:42.977217762Z</time></trkpt><trkpt lat="46.064458" lon="9.421641"><ele>1566.219</ele><time>2026-03-31T22:15:02.977221669Z</time></trkpt><trkpt lat="46.064502" lon="9.421817"><ele>1570.709</ele><time>2026-03-31T22:15:22.977223924Z</time></trkpt><trkpt lat="46.064657" lon="9.422080"><ele>1565.558</ele><time>2026-03-31T22:15:42.977226158Z</time></trkpt><trkpt lat="46.064681" lon="9.422397"><ele>1569.184</ele><time>2026-03-31T22:16:02.977228382Z</time></trkpt><trkpt lat="46.064809" lon="9.422487"><ele>1560.215</ele><time>2026-03-31T22:16:22.977230616Z</time></trkpt><trkpt lat="46.064874" lon="9.422631"><ele>1558.888</ele><time>2026-03-31T22:16:42.977232790Z</time></trkpt><trkpt lat="46.064872" lon="9.422806"><ele>1564.838</ele><time>2026-03-31T22:17:02.977234964Z</time></trkpt><trkpt lat="46.065167" lon="9.423093"><ele>1559.825</ele><time>2026-03-31T22:17:22.977237118Z</time></trkpt><trkpt lat="46.065295" lon="9.423176"><ele>1556.051</ele><time>2026-03-31T22:17:42.977239332Z</time></trkpt><trkpt lat="46.065407" lon="9.423286"><ele>1553.447</ele><time>2026-03-31T22:18:02.977241506Z</time></trkpt><trkpt lat="46.065516" lon="9.423284"><ele>1545.685</ele><time>2026-03-31T22:18:22.977243671Z</time></trkpt><trkpt lat="46.065511" lon="9.423520"><ele>1550.818</ele><time>2026-03-31T22:18:42.977245965Z</time></trkpt><trkpt lat="46.065470" lon="9.423686"><ele>1558.398</ele><time>2026-03-31T22:19:02.977248199Z</time></trkpt><trkpt lat="46.065555" lon="9.423849"><ele>1554.017</ele><time>2026-03-31T22:19:22.977250393Z</time></trkpt><trkpt lat="46.065619" lon="9.424206"><ele>1557.509</ele><time>2026-03-31T22:19:42.977252597Z</time></trkpt><trkpt lat="46.065748" lon="9.424601"><ele>1562.432</ele><time>2026-03-31T22:20:02.977254811Z</time></trkpt><trkpt lat="46.065768" lon="9.424789"><ele>1567.818</ele><time>2026-03-31T22:20:22.977257026Z</time></trkpt><trkpt lat="46.065824" lon="9.425019"><ele>1575.699</ele><time>2026-03-31T22:20:42.977259550Z</time></trkpt><trkpt lat="46.065857" lon="9.425126"><ele>1580.662</ele><time>2026-03-31T22:21:02.977261714Z</time></trkpt><trkpt lat="46.065863" lon="9.425207"><ele>1585.262</ele><time>2026-03-31T22:21:22.977263888Z</time></trkpt><trkpt lat="46.065854" lon="9.425277"><ele>1589.579</ele><time>2026-03-31T22:21:42.977266072Z</time></trkpt><trkpt lat="46.065987" lon="9.425360"><ele>1593.155</ele><time>2026-03-31T22:22:02.977268247Z</time></trkpt><trkpt lat="46.066077" lon="9.425328"><ele>1588.831</ele><time>2026-03-31T22:22:22.977270481Z</time></trkpt><trkpt lat="46.066508" lon="9.425303"><ele>1595.289</ele><time>2026-03-31T22:22:42.977272705Z</time></trkpt><trkpt lat="46.066754" lon="9.425158"><ele>1588.555</ele><time>2026-03-31T22:23:02.977275169Z</time></trkpt><trkpt lat="46.066905" lon="9.425147"><ele>1588.307</ele><time>2026-03-31T22:23:22.977277384Z</time></trkpt><trkpt lat="46.067031" lon="9.425086"><ele>1589.317</ele><time>2026-03-31T22:23:42.977279568Z</time></trkpt><trkpt lat="46.067189" lon="9.425076"><ele>1596.709</ele><time>2026-03-31T22:24:02.977284236Z</time></trkpt><trkpt lat="46.067414" lon="9.424888"><ele>1603.936</ele><time>2026-03-31T22:24:22.977286771Z</time></trkpt><trkpt lat="46.067564" lon="9.424692"><ele>1606.562</ele><time>2026-03-31T22:24:42.977288955Z</time></trkpt><trkpt lat="46.067839" lon="9.424612"><ele>1616.453</ele><time>2026-03-31T22:25:02.977291240Z</time></trkpt><trkpt lat="46.067994" lon="9.424457"><ele>1619.326</ele><time>2026-03-31T22:25:22.977293504Z</time></trkpt><trkpt lat="46.068366" lon="9.424441"><ele>1619.186</ele><time>2026-03-31T22:25:42.977297090Z</time></trkpt><trkpt lat="46.068574" lon="9.424758"><ele>1610.663</ele><time>2026-03-31T22:26:02.977300787Z</time></trkpt><trkpt lat="46.068775" lon="9.425181"><ele>1594.259</ele><time>2026-03-31T22:26:22.977304444Z</time></trkpt><trkpt lat="46.068745" lon="9.425471"><ele>1608.145</ele><time>2026-03-31T22:26:42.977308281Z</time></trkpt><trkpt lat="46.068749" lon="9.425589"><ele>1613.963</ele><time>2026-03-31T22:27:02.977311768Z</time></trkpt><trkpt lat="46.069135" lon="9.425803"><ele>1617.538</ele><time>2026-03-31T22:27:22.977315645Z</time></trkpt><trkpt lat="46.069291" lon="9.425787"><ele>1612.570</ele><time>2026-03-31T22:27:42.977319212Z</time></trkpt><trkpt lat="46.069534" lon="9.426013"><ele>1611.817</ele><time>2026-03-31T22:28:02.977321436Z</time></trkpt><trkpt lat="46.069545" lon="9.426195"><ele>1618.009</ele><time>2026-03-31T22:28:22.977325283Z</time></trkpt><trkpt lat="46.069801" lon="9.426850"><ele>1618.144</ele><time>2026-03-31T22:28:42.977329351Z</time></trkpt><trkpt lat="46.070090" lon="9.427194"><ele>1613.010</ele><time>2026-03-31T22:29:02.977332928Z</time></trkpt><trkpt lat="46.070149" lon="9.427387"><ele>1610.421</ele><time>2026-03-31T22:29:22.977336865Z</time></trkpt><trkpt lat="46.070120" lon="9.427537"><ele>1612.424</ele><time>2026-03-31T22:29:42.977339690Z</time></trkpt><trkpt lat="46.070142" lon="9.427725"><ele>1607.534</ele><time>2026-03-31T22:30:02.977341804Z</time></trkpt><trkpt lat="46.070064" lon="9.427934"><ele>1617.411</ele><time>2026-03-31T22:30:22.977344018Z</time></trkpt><trkpt lat="46.070201" lon="9.428519"><ele>1623.527</ele><time>2026-03-31T22:30:42.977346272Z</time></trkpt><trkpt lat="46.070332" lon="9.428626"><ele>1625.963</ele><time>2026-03-31T22:31:02.977348787Z</time></trkpt><trkpt lat="46.070436" lon="9.428481"><ele>1620.331</ele><time>2026-03-31T22:31:22.977351893Z</time></trkpt><trkpt lat="46.070547" lon="9.428411"><ele>1617.659</ele><time>2026-03-31T22:31:42.977354157Z</time></trkpt><trkpt lat="46.070544" lon="9.428551"><ele>1624.103</ele><time>2026-03-31T22:32:02.977356351Z</time></trkpt><trkpt lat="46.070595" lon="9.428583"><ele>1626.023</ele><time>2026-03-31T22:32:22.977358525Z</time></trkpt><trkpt lat="46.070782" lon="9.428470"><ele>1620.809</ele><time>2026-03-31T22:32:42.977360730Z</time></trkpt><trkpt lat="46.070857" lon="9.428478"><ele>1620.936</ele><time>2026-03-31T22:33:02.977362934Z</time></trkpt><trkpt lat="46.071012" lon="9.428600"><ele>1626.612</ele><time>2026-03-31T22:33:22.977365188Z</time></trkpt><trkpt lat="46.071109" lon="9.428731"><ele>1632.923</ele><time>2026-03-31T22:33:42.977368444Z</time></trkpt><trkpt lat="46.071434" lon="9.428796"><ele>1643.276</ele><time>2026-03-31T22:34:02.977372542Z</time></trkpt><trkpt lat="46.071527" lon="9.428720"><ele>1643.286</ele><time>2026-03-31T22:34:22.977375507Z</time></trkpt><trkpt lat="46.071630" lon="9.428798"><ele>1650.163</ele><time>2026-03-31T22:34:42.977377681Z</time></trkpt><trkpt lat="46.071731" lon="9.428731"><ele>1653.139</ele><time>2026-03-31T22:35:02.977379986Z</time></trkpt><trkpt lat="46.071783" lon="9.428659"><ele>1653.645</ele><time>2026-03-31T22:35:22.977382330Z</time></trkpt><trkpt lat="46.071882" lon="9.428642"><ele>1659.343</ele><time>2026-03-31T22:35:42.977384885Z</time></trkpt><trkpt lat="46.072014" lon="9.428554"><ele>1659.341</ele><time>2026-03-31T22:36:02.977387770Z</time></trkpt><trkpt lat="46.072139" lon="9.428535"><ele>1659.981</ele><time>2026-03-31T22:36:22.977390014Z</time></trkpt><trkpt lat="46.072197" lon="9.428567"><ele>1662.409</ele><time>2026-03-31T22:36:42.977392238Z</time></trkpt><trkpt lat="46.072282" lon="9.428575"><ele>1657.809</ele><time>2026-03-31T22:37:02.977394473Z</time></trkpt><trkpt lat="46.072364" lon="9.428626"><ele>1653.285</ele><time>2026-03-31T22:37:22.977396687Z</time></trkpt><trkpt lat="46.072440" lon="9.428648"><ele>1648.031</ele><time>2026-03-31T22:37:42.977398861Z</time></trkpt><trkpt lat="46.072427" lon="9.428707"><ele>1653.372</ele><time>2026-03-31T22:38:02.977401075Z</time></trkpt><trkpt lat="46.072581" lon="9.428870"><ele>1652.625</ele><time>2026-03-31T22:38:22.977403279Z</time></trkpt><trkpt lat="46.072648" lon="9.428855"><ele>1644.695</ele><time>2026-03-31T22:38:42.977405473Z</time></trkpt><trkpt lat="46.072827" lon="9.429115"><ele>1651.932</ele><time>2026-03-31T22:39:02.977413598Z</time></trkpt><trkpt lat="46.072905" lon="9.429099"><ele>1647.558</ele><time>2026-03-31T22:39:22.977416724Z</time></trkpt><trkpt lat="46.073001" lon="9.429126"><ele>1645.564</ele><time>2026-03-31T22:39:42.977418898Z</time></trkpt><trkpt lat="46.073055" lon="9.429193"><ele>1647.482</ele><time>2026-03-31T22:40:02.977421102Z</time></trkpt><trkpt lat="46.073044" lon="9.429279"><ele>1652.116</ele><time>2026-03-31T22:40:22.977423377Z</time></trkpt><trkpt lat="46.073108" lon="9.429376"><ele>1656.576</ele><time>2026-03-31T22:40:42.977425621Z</time></trkpt><trkpt lat="46.073171" lon="9.429470"><ele>1661.513</ele><time>2026-03-31T22:41:02.977427825Z</time></trkpt><trkpt lat="46.073266" lon="9.429547"><ele>1666.009</ele><time>2026-03-31T22:41:22.977430149Z</time></trkpt><trkpt lat="46.073390" lon="9.429499"><ele>1663.852</ele><time>2026-03-31T22:41:42.977432404Z</time></trkpt><trkpt lat="46.073459" lon="9.429512"><ele>1665.478</ele><time>2026-03-31T22:42:02.977434568Z</time></trkpt><trkpt lat="46.073620" lon="9.429394"><ele>1660.559</ele><time>2026-03-31T22:42:22.977436772Z</time></trkpt><trkpt lat="46.073693" lon="9.429417"><ele>1663.342</ele><time>2026-03-31T22:42:42.977438976Z</time></trkpt><trkpt lat="46.073773" lon="9.429503"><ele>1670.312</ele><time>2026-03-31T22:43:02.977441140Z</time></trkpt><trkpt lat="46.073890" lon="9.429444"><ele>1669.069</ele><time>2026-03-31T22:43:22.977443334Z</time></trkpt><trkpt lat="46.073941" lon="9.429479"><ele>1673.335</ele><time>2026-03-31T22:43:42.977445458Z</time></trkpt><trkpt lat="46.074039" lon="9.429360"><ele>1670.131</ele><time>2026-03-31T22:44:02.977447642Z</time></trkpt><trkpt lat="46.074104" lon="9.429385"><ele>1673.779</ele><time>2026-03-31T22:44:22.977449836Z</time></trkpt><trkpt lat="46.074240" lon="9.429355"><ele>1678.573</ele><time>2026-03-31T22:44:42.977452111Z</time></trkpt><trkpt lat="46.074369" lon="9.429290"><ele>1681.285</ele><time>2026-03-31T22:45:02.977454305Z</time></trkpt><trkpt lat="46.074449" lon="9.429282"><ele>1684.313</ele><time>2026-03-31T22:45:22.977456549Z</time></trkpt><trkpt lat="46.074600" lon="9.429208"><ele>1680.809</ele><time>2026-03-31T22:45:42.977458743Z</time></trkpt><trkpt lat="46.074691" lon="9.429147"><ele>1678.488</ele><time>2026-03-31T22:46:02.977460957Z</time></trkpt><trkpt lat="46.074758" lon="9.429061"><ele>1672.934</ele><time>2026-03-31T22:46:22.977463321Z</time></trkpt><trkpt lat="46.074838" lon="9.429055"><ele>1671.355</ele><time>2026-03-31T22:46:42.977465536Z</time></trkpt><trkpt lat="46.074921" lon="9.429085"><ele>1671.358</ele><time>2026-03-31T22:47:02.977467720Z</time></trkpt><trkpt lat="46.074994" lon="9.429136"><ele>1671.938</ele><time>2026-03-31T22:47:22.977470705Z</time></trkpt><trkpt lat="46.075052" lon="9.429106"><ele>1667.565</ele><time>2026-03-31T22:47:42.977472819Z</time></trkpt><trkpt lat="46.075110" lon="9.429183"><ele>1666.811</ele><time>2026-03-31T22:48:02.977475013Z</time></trkpt><trkpt lat="46.075214" lon="9.429194"><ele>1660.667</ele><time>2026-03-31T22:48:22.977477217Z</time></trkpt><trkpt lat="46.075348" lon="9.429340"><ele>1655.425</ele><time>2026-03-31T22:48:42.977479462Z</time></trkpt><trkpt lat="46.075411" lon="9.429410"><ele>1652.619</ele><time>2026-03-31T22:49:02.977481696Z</time></trkpt><trkpt lat="46.075476" lon="9.429506"><ele>1650.309</ele><time>2026-03-31T22:49:22.977483910Z</time></trkpt><trkpt lat="46.075528" lon="9.429608"><ele>1649.119</ele><time>2026-03-31T22:49:42.977486104Z</time></trkpt><trkpt lat="46.075601" lon="9.429774"><ele>1649.309</ele><time>2026-03-31T22:50:02.977488328Z</time></trkpt><trkpt lat="46.075586" lon="9.429874"><ele>1653.112</ele><time>2026-03-31T22:50:22.977490502Z</time></trkpt><trkpt lat="46.075597" lon="9.430029"><ele>1657.958</ele><time>2026-03-31T22:50:42.977492726Z</time></trkpt><trkpt lat="46.075705" lon="9.430076"><ele>1656.359</ele><time>2026-03-31T22:51:02.977494901Z</time></trkpt><trkpt lat="46.075765" lon="9.430137"><ele>1657.282</ele><time>2026-03-31T22:51:22.977497105Z</time></trkpt><trkpt lat="46.075990" lon="9.430105"><ele>1652.812</ele><time>2026-03-31T22:51:42.977499319Z</time></trkpt><trkpt lat="46.076057" lon="9.430148"><ele>1654.189</ele><time>2026-03-31T22:52:02.977501543Z</time></trkpt><trkpt lat="46.076132" lon="9.430132"><ele>1653.715</ele><time>2026-03-31T22:52:22.977503757Z</time></trkpt><trkpt lat="46.076178" lon="9.430164"><ele>1655.771</ele><time>2026-03-31T22:52:42.977505961Z</time></trkpt><trkpt lat="46.076277" lon="9.430306"><ele>1663.459</ele><time>2026-03-31T22:53:02.977508125Z</time></trkpt><trkpt lat="46.076430" lon="9.430174"><ele>1661.472</ele><time>2026-03-31T22:53:22.977510430Z</time></trkpt><trkpt lat="46.076497" lon="9.430158"><ele>1662.213</ele><time>2026-03-31T22:53:42.977516421Z</time></trkpt><trkpt lat="46.076673" lon="9.430053"><ele>1660.814</ele><time>2026-03-31T22:54:02.977518665Z</time></trkpt><trkpt lat="46.076862" lon="9.429987"><ele>1661.709</ele><time>2026-03-31T22:54:22.977520849Z</time></trkpt><trkpt lat="46.077073" lon="9.430020"><ele>1665.868</ele><time>2026-03-31T22:54:42.977523023Z</time></trkpt><trkpt lat="46.077379" lon="9.429999"><ele>1664.824</ele><time>2026-03-31T22:55:02.977525207Z</time></trkpt><trkpt lat="46.077474" lon="9.429927"><ele>1661.395</ele><time>2026-03-31T22:55:22.977527441Z</time></trkpt><trkpt lat="46.077485" lon="9.429860"><ele>1658.618</ele><time>2026-03-31T22:55:42.977531709Z</time></trkpt><trkpt lat="46.077446" lon="9.429806"><ele>1656.778</ele><time>2026-03-31T22:56:02.977533904Z</time></trkpt><trkpt lat="46.077338" lon="9.429819"><ele>1658.065</ele><time>2026-03-31T22:56:22.977536078Z</time></trkpt><trkpt lat="46.077303" lon="9.429801"><ele>1657.551</ele><time>2026-03-31T22:56:42.977538302Z</time></trkpt><trkpt lat="46.077266" lon="9.429811"><ele>1658.297</ele><time>2026-03-31T22:57:02.977540486Z</time></trkpt><trkpt lat="46.077201" lon="9.429748"><ele>1655.765</ele><time>2026-03-31T22:57:22.977542760Z</time></trkpt><trkpt lat="46.077160" lon="9.429713"><ele>1653.723</ele><time>2026-03-31T22:57:42.977544994Z</time></trkpt><trkpt lat="46.077125" lon="9.429636"><ele>1649.783</ele><time>2026-03-31T22:58:02.977547208Z</time></trkpt><trkpt lat="46.077092" lon="9.429601"><ele>1647.711</ele><time>2026-03-31T22:58:22.977549493Z</time></trkpt><trkpt lat="46.077058" lon="9.429606"><ele>1647.409</ele><time>2026-03-31T22:58:42.977551727Z</time></trkpt><trkpt lat="46.077025" lon="9.429577"><ele>1645.713</ele><time>2026-03-31T22:59:02.977556265Z</time></trkpt><trkpt lat="46.076840" lon="9.429589"><ele>1644.319</ele><time>2026-03-31T22:59:22.977558480Z</time></trkpt><trkpt lat="46.076775" lon="9.429538"><ele>1641.620</ele><time>2026-03-31T22:59:42.977560674Z</time></trkpt><trkpt lat="46.076651" lon="9.429493"><ele>1638.833</ele><time>2026-03-31T23:00:02.977562858Z</time></trkpt><trkpt lat="46.076634" lon="9.429402"><ele>1634.453</ele><time>2026-03-31T23:00:22.977565012Z</time></trkpt><trkpt lat="46.076593" lon="9.429347"><ele>1631.030</ele><time>2026-03-31T23:00:42.977567176Z</time></trkpt><trkpt lat="46.076517" lon="9.429345"><ele>1630.246</ele><time>2026-03-31T23:01:02.977569350Z</time></trkpt><trkpt lat="46.076461" lon="9.429371"><ele>1631.052</ele><time>2026-03-31T23:01:22.977571534Z</time></trkpt><trkpt lat="46.076400" lon="9.429395"><ele>1631.630</ele><time>2026-03-31T23:01:42.977573738Z</time></trkpt><trkpt lat="46.076353" lon="9.429476"><ele>1634.168</ele><time>2026-03-31T23:02:02.977576022Z</time></trkpt><trkpt lat="46.076204" lon="9.429531"><ele>1631.442</ele><time>2026-03-31T23:02:22.977578216Z</time></trkpt><trkpt lat="46.076180" lon="9.429509"><ele>1629.826</ele><time>2026-03-31T23:02:42.977580421Z</time></trkpt><trkpt lat="46.076132" lon="9.429499"><ele>1627.809</ele><time>2026-03-31T23:03:02.977582625Z</time></trkpt><trkpt lat="46.076056" lon="9.429391"><ele>1623.137</ele><time>2026-03-31T23:03:22.977584849Z</time></trkpt><trkpt lat="46.076028" lon="9.429220"><ele>1615.583</ele><time>2026-03-31T23:03:42.977587033Z</time></trkpt><trkpt lat="46.076087" lon="9.429059"><ele>1605.374</ele><time>2026-03-31T23:04:02.977589197Z</time></trkpt><trkpt lat="46.076091" lon="9.428885"><ele>1596.147</ele><time>2026-03-31T23:04:22.977596841Z</time></trkpt><trkpt lat="46.076002" lon="9.428759"><ele>1595.427</ele><time>2026-03-31T23:04:42.977600618Z</time></trkpt><trkpt lat="46.076013" lon="9.428705"><ele>1591.984</ele><time>2026-03-31T23:05:02.977604135Z</time></trkpt><trkpt lat="46.076121" lon="9.428718"><ele>1586.040</ele><time>2026-03-31T23:05:22.977607932Z</time></trkpt><trkpt lat="46.076184" lon="9.428683"><ele>1585.676</ele><time>2026-03-31T23:05:42.977610126Z</time></trkpt><trkpt lat="46.076225" lon="9.428767"><ele>1590.874</ele><time>2026-03-31T23:06:02.977612320Z</time></trkpt><trkpt lat="46.076236" lon="9.428632"><ele>1584.249</ele><time>2026-03-31T23:06:22.977614615Z</time></trkpt><trkpt lat="46.076165" lon="9.428482"><ele>1577.802</ele><time>2026-03-31T23:06:42.977616839Z</time></trkpt><trkpt lat="46.076165" lon="9.428405"><ele>1575.822</ele><time>2026-03-31T23:07:02.977619073Z</time></trkpt><trkpt lat="46.076132" lon="9.428332"><ele>1573.909</ele><time>2026-03-31T23:07:22.977621287Z</time></trkpt><trkpt lat="46.076076" lon="9.428340"><ele>1576.495</ele><time>2026-03-31T23:07:42.977623481Z</time></trkpt><trkpt lat="46.076061" lon="9.428284"><ele>1575.671</ele><time>2026-03-31T23:08:02.977625775Z</time></trkpt><trkpt lat="46.076151" lon="9.428217"><ele>1569.782</ele><time>2026-03-31T23:08:22.977628050Z</time></trkpt><trkpt lat="46.076117" lon="9.428126"><ele>1567.255</ele><time>2026-03-31T23:08:42.977630214Z</time></trkpt><trkpt lat="46.076121" lon="9.428045"><ele>1564.625</ele><time>2026-03-31T23:09:02.977632368Z</time></trkpt><trkpt lat="46.076082" lon="9.427965"><ele>1565.092</ele><time>2026-03-31T23:09:22.977634522Z</time></trkpt><trkpt lat="46.076119" lon="9.427903"><ele>1562.098</ele><time>2026-03-31T23:09:42.977636666Z</time></trkpt><trkpt lat="46.076087" lon="9.427827"><ele>1562.014</ele><time>2026-03-31T23:10:02.977638830Z</time></trkpt><trkpt lat="46.076155" lon="9.427811"><ele>1558.962</ele><time>2026-03-31T23:10:22.977641575Z</time></trkpt><trkpt lat="46.076180" lon="9.427913"><ele>1560.241</ele><time>2026-03-31T23:10:42.977643899Z</time></trkpt><trkpt lat="46.076256" lon="9.427927"><ele>1558.181</ele><time>2026-03-31T23:11:02.977646113Z</time></trkpt><trkpt lat="46.076276" lon="9.427862"><ele>1555.709</ele><time>2026-03-31T23:11:22.977648318Z</time></trkpt><trkpt lat="46.076273" lon="9.427819"><ele>1554.709</ele><time>2026-03-31T23:11:42.977650502Z</time></trkpt><trkpt lat="46.076319" lon="9.427782"><ele>1551.915</ele><time>2026-03-31T23:12:02.977652696Z</time></trkpt><trkpt lat="46.076295" lon="9.427734"><ele>1551.581</ele><time>2026-03-31T23:12:22.977654880Z</time></trkpt><trkpt lat="46.076321" lon="9.427653"><ele>1548.172</ele><time>2026-03-31T23:12:42.977657114Z</time></trkpt><trkpt lat="46.076398" lon="9.427617"><ele>1544.255</ele><time>2026-03-31T23:13:02.977659288Z</time></trkpt><trkpt lat="46.076426" lon="9.427536"><ele>1541.575</ele><time>2026-03-31T23:13:22.977661502Z</time></trkpt><trkpt lat="46.076453" lon="9.427563"><ele>1541.852</ele><time>2026-03-31T23:13:42.977663696Z</time></trkpt><trkpt lat="46.076496" lon="9.427466"><ele>1538.568</ele><time>2026-03-31T23:14:02.977665880Z</time></trkpt><trkpt lat="46.076453" lon="9.427316"><ele>1534.924</ele><time>2026-03-31T23:14:22.977668095Z</time></trkpt><trkpt lat="46.076572" lon="9.427322"><ele>1533.712</ele><time>2026-03-31T23:14:42.977670309Z</time></trkpt><trkpt lat="46.076617" lon="9.427271"><ele>1531.831</ele><time>2026-03-31T23:15:02.977672553Z</time></trkpt><trkpt lat="46.076541" lon="9.427174"><ele>1530.361</ele><time>2026-03-31T23:15:22.977676490Z</time></trkpt><trkpt lat="46.076574" lon="9.427096"><ele>1528.407</ele><time>2026-03-31T23:15:42.977681129Z</time></trkpt><trkpt lat="46.076530" lon="9.427043"><ele>1527.609</ele><time>2026-03-31T23:16:02.977683503Z</time></trkpt><trkpt lat="46.076546" lon="9.426965"><ele>1525.974</ele><time>2026-03-31T23:16:22.977685758Z</time></trkpt><trkpt lat="46.076522" lon="9.426957"><ele>1525.850</ele><time>2026-03-31T23:16:42.977688012Z</time></trkpt><trkpt lat="46.076526" lon="9.426844"><ele>1523.061</ele><time>2026-03-31T23:17:02.977690266Z</time></trkpt><trkpt lat="46.076517" lon="9.426809"><ele>1522.174</ele><time>2026-03-31T23:17:22.977692510Z</time></trkpt><trkpt lat="46.076537" lon="9.426737"><ele>1520.364</ele><time>2026-03-31T23:17:42.977694775Z</time></trkpt><trkpt lat="46.076506" lon="9.426587"><ele>1516.171</ele><time>2026-03-31T23:18:02.977696999Z</time></trkpt><trkpt lat="46.076453" lon="9.426565"><ele>1514.847</ele><time>2026-03-31T23:18:22.977699223Z</time></trkpt><trkpt lat="46.076440" lon="9.426533"><ele>1513.813</ele><time>2026-03-31T23:18:42.977701517Z</time></trkpt><trkpt lat="46.076491" lon="9.426488"><ele>1513.231</ele><time>2026-03-31T23:19:02.977703731Z</time></trkpt><trkpt lat="46.076496" lon="9.426443"><ele>1512.043</ele><time>2026-03-31T23:19:22.977706066Z</time></trkpt><trkpt lat="46.076489" lon="9.426360"><ele>1509.564</ele><time>2026-03-31T23:19:42.977708330Z</time></trkpt><trkpt lat="46.076426" lon="9.426376"><ele>1509.110</ele><time>2026-03-31T23:20:02.977710644Z</time></trkpt><trkpt lat="46.076342" lon="9.426376"><ele>1508.109</ele><time>2026-03-31T23:20:22.977712908Z</time></trkpt><trkpt lat="46.076285" lon="9.426389"><ele>1508.385</ele><time>2026-03-31T23:20:42.977715163Z</time></trkpt><trkpt lat="46.076181" lon="9.426368"><ele>1506.611</ele><time>2026-03-31T23:21:02.977717417Z</time></trkpt><trkpt lat="46.075998" lon="9.426298"><ele>1501.442</ele><time>2026-03-31T23:21:22.977719641Z</time></trkpt><trkpt lat="46.075935" lon="9.426277"><ele>1499.675</ele><time>2026-03-31T23:21:42.977721875Z</time></trkpt><trkpt lat="46.075829" lon="9.426234"><ele>1496.275</ele><time>2026-03-31T23:22:02.977724129Z</time></trkpt><trkpt lat="46.075710" lon="9.426168"><ele>1492.562</ele><time>2026-03-31T23:22:22.977726394Z</time></trkpt><trkpt lat="46.075642" lon="9.426140"><ele>1490.868</ele><time>2026-03-31T23:22:42.977728658Z</time></trkpt><trkpt lat="46.075415" lon="9.425985"><ele>1480.924</ele><time>2026-03-31T23:23:02.977730912Z</time></trkpt><trkpt lat="46.075292" lon="9.425883"><ele>1473.972</ele><time>2026-03-31T23:23:22.977733156Z</time></trkpt><trkpt lat="46.075125" lon="9.425810"><ele>1469.446</ele><time>2026-03-31T23:23:42.977735471Z</time></trkpt><trkpt lat="46.074932" lon="9.425859"><ele>1471.388</ele><time>2026-03-31T23:24:02.977737735Z</time></trkpt><trkpt lat="46.074743" lon="9.425859"><ele>1471.516</ele><time>2026-03-31T23:24:22.977740019Z</time></trkpt><trkpt lat="46.074519" lon="9.425905"><ele>1470.809</ele><time>2026-03-31T23:24:42.977742253Z</time></trkpt><trkpt lat="46.074336" lon="9.425953"><ele>1468.115</ele><time>2026-03-31T23:25:02.977744598Z</time></trkpt><trkpt lat="46.074351" lon="9.425867"><ele>1464.331</ele><time>2026-03-31T23:25:22.977746862Z</time></trkpt><trkpt lat="46.074217" lon="9.425816"><ele>1457.262</ele><time>2026-03-31T23:25:42.977749106Z</time></trkpt><trkpt lat="46.074243" lon="9.425733"><ele>1455.375</ele><time>2026-03-31T23:26:02.977751300Z</time></trkpt><trkpt lat="46.074001" lon="9.425726"><ele>1445.455</ele><time>2026-03-31T23:26:22.977753544Z</time></trkpt><trkpt lat="46.073826" lon="9.425820"><ele>1440.952</ele><time>2026-03-31T23:26:42.977755759Z</time></trkpt><trkpt lat="46.073750" lon="9.425933"><ele>1441.868</ele><time>2026-03-31T23:27:02.977758043Z</time></trkpt><trkpt lat="46.073559" lon="9.425931"><ele>1437.224</ele><time>2026-03-31T23:27:22.977760277Z</time></trkpt><trkpt lat="46.073439" lon="9.425867"><ele>1438.472</ele><time>2026-03-31T23:27:42.977762561Z</time></trkpt><trkpt lat="46.073519" lon="9.425521"><ele>1424.289</ele><time>2026-03-31T23:28:02.977764836Z</time></trkpt><trkpt lat="46.073491" lon="9.424947"><ele>1406.806</ele><time>2026-03-31T23:28:22.977767140Z</time></trkpt><trkpt lat="46.073342" lon="9.424781"><ele>1403.126</ele><time>2026-03-31T23:28:42.977769404Z</time></trkpt><trkpt lat="46.073162" lon="9.424706"><ele>1409.209</ele><time>2026-03-31T23:29:02.977771688Z</time></trkpt><trkpt lat="46.073026" lon="9.424513"><ele>1411.089</ele><time>2026-03-31T23:29:22.977773913Z</time></trkpt><trkpt lat="46.072889" lon="9.424358"><ele>1419.035</ele><time>2026-03-31T23:29:42.977782699Z</time></trkpt><trkpt lat="46.072809" lon="9.424109"><ele>1420.656</ele><time>2026-03-31T23:30:02.977785254Z</time></trkpt><trkpt lat="46.072798" lon="9.423849"><ele>1415.989</ele><time>2026-03-31T23:30:22.977787478Z</time></trkpt><trkpt lat="46.072595" lon="9.423428"><ele>1412.419</ele><time>2026-03-31T23:30:42.977789762Z</time></trkpt><trkpt lat="46.072636" lon="9.423162"><ele>1391.646</ele><time>2026-03-31T23:31:02.977791986Z</time></trkpt><trkpt lat="46.072462" lon="9.423097"><ele>1402.892</ele><time>2026-03-31T23:31:22.977794241Z</time></trkpt><trkpt lat="46.072263" lon="9.423103"><ele>1420.918</ele><time>2026-03-31T23:31:42.977796485Z</time></trkpt><trkpt lat="46.072200" lon="9.423006"><ele>1419.716</ele><time>2026-03-31T23:32:02.977798779Z</time></trkpt><trkpt lat="46.072004" lon="9.423018"><ele>1422.151</ele><time>2026-03-31T23:32:22.977801134Z</time></trkpt><trkpt lat="46.071938" lon="9.423189"><ele>1430.501</ele><time>2026-03-31T23:32:42.977803438Z</time></trkpt><trkpt lat="46.071761" lon="9.423299"><ele>1429.011</ele><time>2026-03-31T23:33:02.977805732Z</time></trkpt><trkpt lat="46.071752" lon="9.423069"><ele>1419.309</ele><time>2026-03-31T23:33:22.977808036Z</time></trkpt><trkpt lat="46.071596" lon="9.423224"><ele>1419.886</ele><time>2026-03-31T23:33:42.977810852Z</time></trkpt><trkpt lat="46.071601" lon="9.422948"><ele>1407.892</ele><time>2026-03-31T23:34:02.977813096Z</time></trkpt><trkpt lat="46.071527" lon="9.422991"><ele>1407.783</ele><time>2026-03-31T23:34:22.977815360Z</time></trkpt><trkpt lat="46.071488" lon="9.422865"><ele>1400.476</ele><time>2026-03-31T23:34:42.977817654Z</time></trkpt><trkpt lat="46.071480" lon="9.422717"><ele>1392.826</ele><time>2026-03-31T23:35:02.977819919Z</time></trkpt><trkpt lat="46.071506" lon="9.422508"><ele>1381.653</ele><time>2026-03-31T23:35:22.977822223Z</time></trkpt><trkpt lat="46.071612" lon="9.422406"><ele>1376.249</ele><time>2026-03-31T23:35:42.977824497Z</time></trkpt><trkpt lat="46.071705" lon="9.422256"><ele>1367.655</ele><time>2026-03-31T23:36:02.977826741Z</time></trkpt><trkpt lat="46.071714" lon="9.421923"><ele>1356.253</ele><time>2026-03-31T23:36:22.977829066Z</time></trkpt><trkpt lat="46.071763" lon="9.421711"><ele>1347.973</ele><time>2026-03-31T23:36:42.977831430Z</time></trkpt><trkpt lat="46.071770" lon="9.421467"><ele>1341.785</ele><time>2026-03-31T23:37:02.977833745Z</time></trkpt><trkpt lat="46.071755" lon="9.421151"><ele>1333.913</ele><time>2026-03-31T23:37:22.977836039Z</time></trkpt><trkpt lat="46.071798" lon="9.420759"><ele>1328.809</ele><time>2026-03-31T23:37:42.977838313Z</time></trkpt><trkpt lat="46.072022" lon="9.420365"><ele>1312.688</ele><time>2026-03-31T23:38:02.977840587Z</time></trkpt><trkpt lat="46.072033" lon="9.420298"><ele>1312.784</ele><time>2026-03-31T23:38:22.977842872Z</time></trkpt><trkpt lat="46.071940" lon="9.420172"><ele>1321.065</ele><time>2026-03-31T23:38:42.977845136Z</time></trkpt><trkpt lat="46.071825" lon="9.419917"><ele>1319.588</ele><time>2026-03-31T23:39:02.977847400Z</time></trkpt><trkpt lat="46.071688" lon="9.419387"><ele>1302.958</ele><time>2026-03-31T23:39:22.977849644Z</time></trkpt><trkpt lat="46.071643" lon="9.419266"><ele>1304.795</ele><time>2026-03-31T23:39:42.977851929Z</time></trkpt><trkpt lat="46.071606" lon="9.419122"><ele>1305.061</ele><time>2026-03-31T23:40:02.977854143Z</time></trkpt><trkpt lat="46.071606" lon="9.418835"><ele>1299.267</ele><time>2026-03-31T23:40:22.977856417Z</time></trkpt><trkpt lat="46.071546" lon="9.418725"><ele>1300.555</ele><time>2026-03-31T23:40:42.977858691Z</time></trkpt><trkpt lat="46.071336" lon="9.418567"><ele>1303.948</ele><time>2026-03-31T23:41:02.977861026Z</time></trkpt><trkpt lat="46.071259" lon="9.418563"><ele>1303.661</ele><time>2026-03-31T23:41:22.977863761Z</time></trkpt><trkpt lat="46.071110" lon="9.418531"><ele>1301.717</ele><time>2026-03-31T23:41:42.977866025Z</time></trkpt><trkpt lat="46.071006" lon="9.418494"><ele>1298.309</ele><time>2026-03-31T23:42:02.977868299Z</time></trkpt><trkpt lat="46.070889" lon="9.418443"><ele>1293.225</ele><time>2026-03-31T23:42:22.977870553Z</time></trkpt><trkpt lat="46.070701" lon="9.418481"><ele>1293.051</ele><time>2026-03-31T23:42:42.977872808Z</time></trkpt><trkpt lat="46.070559" lon="9.418388"><ele>1284.022</ele><time>2026-03-31T23:43:02.977875022Z</time></trkpt><trkpt lat="46.070375" lon="9.418377"><ele>1280.535</ele><time>2026-03-31T23:43:22.977877286Z</time></trkpt><trkpt lat="46.070316" lon="9.418331"><ele>1276.455</ele><time>2026-03-31T23:43:42.977879550Z</time></trkpt><trkpt lat="46.070190" lon="9.418270"><ele>1271.482</ele><time>2026-03-31T23:44:02.977881845Z</time></trkpt><trkpt lat="46.070123" lon="9.418149"><ele>1263.798</ele><time>2026-03-31T23:44:22.977884069Z</time></trkpt><trkpt lat="46.069952" lon="9.418103"><ele>1259.624</ele><time>2026-03-31T23:44:42.977886323Z</time></trkpt><trkpt lat="46.069776" lon="9.417939"><ele>1249.612</ele><time>2026-03-31T23:45:02.977888577Z</time></trkpt><trkpt lat="46.069824" lon="9.417891"><ele>1247.113</ele><time>2026-03-31T23:45:22.977890952Z</time></trkpt><trkpt lat="46.069446" lon="9.417602"><ele>1229.243</ele><time>2026-03-31T23:45:42.977893216Z</time></trkpt><trkpt lat="46.069369" lon="9.417569"><ele>1230.907</ele><time>2026-03-31T23:46:02.977895480Z</time></trkpt><trkpt lat="46.069269" lon="9.417539"><ele>1234.309</ele><time>2026-03-31T23:46:22.977897764Z</time></trkpt><trkpt lat="46.069094" lon="9.417389"><ele>1231.312</ele><time>2026-03-31T23:46:42.977900039Z</time></trkpt><trkpt lat="46.068854" lon="9.416933"><ele>1211.358</ele><time>2026-03-31T23:47:02.977902323Z</time></trkpt><trkpt lat="46.068473" lon="9.416828"><ele>1224.179</ele><time>2026-03-31T23:47:22.977904537Z</time></trkpt><trkpt lat="46.068193" lon="9.416583"><ele>1216.092</ele><time>2026-03-31T23:47:42.977906831Z</time></trkpt><trkpt lat="46.068277" lon="9.416422"><ele>1203.242</ele><time>2026-03-31T23:48:02.977909136Z</time></trkpt><trkpt lat="46.067951" lon="9.416276"><ele>1194.829</ele><time>2026-03-31T23:48:22.977911380Z</time></trkpt><trkpt lat="46.067715" lon="9.416250"><ele>1187.835</ele><time>2026-03-31T23:48:42.977913654Z</time></trkpt><trkpt lat="46.067493" lon="9.416226"><ele>1180.351</ele><time>2026-03-31T23:49:02.977915918Z</time></trkpt><trkpt lat="46.067521" lon="9.416073"><ele>1171.529</ele><time>2026-03-31T23:49:22.977918183Z</time></trkpt><trkpt lat="46.067385" lon="9.416132"><ele>1172.573</ele><time>2026-03-31T23:49:42.977920557Z</time></trkpt><trkpt lat="46.067162" lon="9.416102"><ele>1167.585</ele><time>2026-03-31T23:50:02.977922831Z</time></trkpt><trkpt lat="46.067102" lon="9.416108"><ele>1166.713</ele><time>2026-03-31T23:50:22.977925166Z</time></trkpt><trkpt lat="46.067076" lon="9.416016"><ele>1162.509</ele><time>2026-03-31T23:50:42.977927420Z</time></trkpt><trkpt lat="46.067084" lon="9.415920"><ele>1158.668</ele><time>2026-03-31T23:51:02.977929674Z</time></trkpt><trkpt lat="46.067102" lon="9.415842"><ele>1155.194</ele><time>2026-03-31T23:51:22.977931908Z</time></trkpt><trkpt lat="46.067177" lon="9.415670"><ele>1148.535</ele><time>2026-03-31T23:51:42.977934162Z</time></trkpt><trkpt lat="46.067266" lon="9.415322"><ele>1135.418</ele><time>2026-03-31T23:52:02.977936417Z</time></trkpt><trkpt lat="46.067277" lon="9.415161"><ele>1130.588</ele><time>2026-03-31T23:52:22.977938681Z</time></trkpt><trkpt lat="46.067249" lon="9.415034"><ele>1126.375</ele><time>2026-03-31T23:52:42.977940965Z</time></trkpt><trkpt lat="46.067007" lon="9.414511"><ele>1116.131</ele><time>2026-03-31T23:53:02.977943189Z</time></trkpt><trkpt lat="46.066953" lon="9.414486"><ele>1117.817</ele><time>2026-03-31T23:53:22.977945444Z</time></trkpt><trkpt lat="46.066741" lon="9.414494"><ele>1123.535</ele><time>2026-03-31T23:53:42.977947728Z</time></trkpt><trkpt lat="46.066553" lon="9.414424"><ele>1121.616</ele><time>2026-03-31T23:54:02.977950102Z</time></trkpt><trkpt lat="46.066475" lon="9.414421"><ele>1122.376</ele><time>2026-03-31T23:54:22.977952376Z</time></trkpt><trkpt lat="46.066395" lon="9.414391"><ele>1120.913</ele><time>2026-03-31T23:54:42.977954641Z</time></trkpt><trkpt lat="46.066320" lon="9.414394"><ele>1121.409</ele><time>2026-03-31T23:55:02.977963638Z</time></trkpt><trkpt lat="46.066240" lon="9.414351"><ele>1118.732</ele><time>2026-03-31T23:55:22.977967525Z</time></trkpt><trkpt lat="46.066201" lon="9.414249"><ele>1112.198</ele><time>2026-03-31T23:55:42.977971342Z</time></trkpt><trkpt lat="46.066045" lon="9.414222"><ele>1111.449</ele><time>2026-03-31T23:56:02.977975219Z</time></trkpt><trkpt lat="46.065935" lon="9.414157"><ele>1107.322</ele><time>2026-03-31T23:56:22.977977483Z</time></trkpt><trkpt lat="46.065844" lon="9.414117"><ele>1104.492</ele><time>2026-03-31T23:56:42.977981391Z</time></trkpt><trkpt lat="46.065783" lon="9.414104"><ele>1103.989</ele><time>2026-03-31T23:57:02.977986430Z</time></trkpt><trkpt lat="46.065696" lon="9.414045"><ele>1100.745</ele><time>2026-03-31T23:57:22.977988735Z</time></trkpt><trkpt lat="46.065579" lon="9.414030"><ele>1100.991</ele><time>2026-03-31T23:57:42.977990969Z</time></trkpt><trkpt lat="46.065504" lon="9.413938"><ele>1095.959</ele><time>2026-03-31T23:58:02.977993193Z</time></trkpt><trkpt lat="46.065410" lon="9.413928"><ele>1096.632</ele><time>2026-03-31T23:58:22.977995567Z</time></trkpt><trkpt lat="46.065391" lon="9.413992"><ele>1100.892</ele><time>2026-03-31T23:58:42.977997902Z</time></trkpt><trkpt lat="46.065320" lon="9.413991"><ele>1101.711</ele><time>2026-03-31T23:59:02.978000216Z</time></trkpt><trkpt lat="46.065291" lon="9.413967"><ele>1100.609</ele><time>2026-03-31T23:59:22.978002500Z</time></trkpt><trkpt lat="46.065214" lon="9.413959"><ele>1099.764</ele><time>2026-03-31T23:59:42.978004704Z</time></trkpt><trkpt lat="46.065188" lon="9.413929"><ele>1097.650</ele><time>2026-04-01T00:00:02.978006989Z</time></trkpt><trkpt lat="46.064953" lon="9.413915"><ele>1095.311</ele><time>2026-04-01T00:00:22.978009333Z</time></trkpt><trkpt lat="46.064827" lon="9.413840"><ele>1091.734</ele><time>2026-04-01T00:00:42.978011627Z</time></trkpt><trkpt lat="46.064657" lon="9.413814"><ele>1089.734</ele><time>2026-04-01T00:01:02.978013892Z</time></trkpt><trkpt lat="46.064542" lon="9.413840"><ele>1089.131</ele><time>2026-04-01T00:01:22.978016156Z</time></trkpt><trkpt lat="46.064445" lon="9.413934"><ele>1092.927</ele><time>2026-04-01T00:01:42.978018440Z</time></trkpt><trkpt lat="46.064282" lon="9.414004"><ele>1092.173</ele><time>2026-04-01T00:02:02.978020694Z</time></trkpt><trkpt lat="46.064093" lon="9.414001"><ele>1088.111</ele><time>2026-04-01T00:02:22.978023009Z</time></trkpt><trkpt lat="46.063944" lon="9.413897"><ele>1080.667</ele><time>2026-04-01T00:02:42.978025363Z</time></trkpt><trkpt lat="46.063860" lon="9.413789"><ele>1074.281</ele><time>2026-04-01T00:03:02.978027627Z</time></trkpt><trkpt lat="46.063613" lon="9.413614"><ele>1066.219</ele><time>2026-04-01T00:03:22.978029952Z</time></trkpt><trkpt lat="46.063503" lon="9.413650"><ele>1070.509</ele><time>2026-04-01T00:03:42.978032216Z</time></trkpt><trkpt lat="46.063386" lon="9.413602"><ele>1069.547</ele><time>2026-04-01T00:04:02.978034440Z</time></trkpt><trkpt lat="46.063203" lon="9.413245"><ele>1054.723</ele><time>2026-04-01T00:04:22.978036744Z</time></trkpt><trkpt lat="46.062819" lon="9.412961"><ele>1052.484</ele><time>2026-04-01T00:04:42.978038999Z</time></trkpt><trkpt lat="46.062709" lon="9.412647"><ele>1041.127</ele><time>2026-04-01T00:05:02.978041283Z</time></trkpt><trkpt lat="46.062690" lon="9.412537"><ele>1036.817</ele><time>2026-04-01T00:05:22.978043577Z</time></trkpt><trkpt lat="46.062644" lon="9.412430"><ele>1032.144</ele><time>2026-04-01T00:05:42.978045821Z</time></trkpt><trkpt lat="46.062409" lon="9.412274"><ele>1031.070</ele><time>2026-04-01T00:06:02.978048106Z</time></trkpt><trkpt lat="46.062336" lon="9.412170"><ele>1028.386</ele><time>2026-04-01T00:06:22.978050390Z</time></trkpt><trkpt lat="46.062182" lon="9.412087"><ele>1028.954</ele><time>2026-04-01T00:06:42.978052664Z</time></trkpt><trkpt lat="46.062118" lon="9.411969"><ele>1024.767</ele><time>2026-04-01T00:07:02.978054968Z</time></trkpt><trkpt lat="46.061973" lon="9.411816"><ele>1020.981</ele><time>2026-04-01T00:07:22.978057293Z</time></trkpt><trkpt lat="46.061871" lon="9.411756"><ele>1015.719</ele><time>2026-04-01T00:07:42.978059517Z</time></trkpt><trkpt lat="46.061826" lon="9.411817"><ele>1015.709</ele><time>2026-04-01T00:08:02.978061841Z</time></trkpt><trkpt lat="46.061811" lon="9.411984"><ele>1021.817</ele><time>2026-04-01T00:08:22.978064065Z</time></trkpt><trkpt lat="46.061798" lon="9.411997"><ele>1021.973</ele><time>2026-04-01T00:08:42.978066330Z</time></trkpt><trkpt lat="46.061625" lon="9.411885"><ele>1011.474</ele><time>2026-04-01T00:09:02.978068564Z</time></trkpt><trkpt lat="46.061521" lon="9.411713"><ele>999.457</ele><time>2026-04-01T00:09:22.978070878Z</time></trkpt><trkpt lat="46.061133" lon="9.411546"><ele>991.577</ele><time>2026-04-01T00:09:42.978073183Z</time></trkpt><trkpt lat="46.060937" lon="9.411545"><ele>999.634</ele><time>2026-04-01T00:10:02.978075417Z</time></trkpt><trkpt lat="46.060778" lon="9.411425"><ele>997.050</ele><time>2026-04-01T00:10:22.978077741Z</time></trkpt><trkpt lat="46.060551" lon="9.411213"><ele>987.596</ele><time>2026-04-01T00:10:42.978079985Z</time></trkpt><trkpt lat="46.060135" lon="9.411074"><ele>992.354</ele><time>2026-04-01T00:11:02.978082249Z</time></trkpt><trkpt lat="46.059604" lon="9.411225"><ele>997.581</ele><time>2026-04-01T00:11:22.978084554Z</time></trkpt><trkpt lat="46.059059" lon="9.411311"><ele>995.461</ele><time>2026-04-01T00:11:42.978086808Z</time></trkpt><trkpt lat="46.058829" lon="9.411486"><ele>997.117</ele><time>2026-04-01T00:12:02.978089052Z</time></trkpt><trkpt lat="46.058542" lon="9.411698"><ele>993.809</ele><time>2026-04-01T00:12:22.978091316Z</time></trkpt><trkpt lat="46.058455" lon="9.411701"><ele>994.039</ele><time>2026-04-01T00:12:42.978093601Z</time></trkpt><trkpt lat="46.058289" lon="9.411648"><ele>992.095</ele><time>2026-04-01T00:13:02.978095795Z</time></trkpt><trkpt lat="46.058104" lon="9.411551"><ele>991.516</ele><time>2026-04-01T00:13:22.978098069Z</time></trkpt><trkpt lat="46.057897" lon="9.411550"><ele>994.169</ele><time>2026-04-01T00:13:42.978100313Z</time></trkpt><trkpt lat="46.057876" lon="9.411561"><ele>994.829</ele><time>2026-04-01T00:14:02.978102537Z</time></trkpt><trkpt lat="46.057766" lon="9.411696"><ele>1001.176</ele><time>2026-04-01T00:14:22.978104822Z</time></trkpt><trkpt lat="46.057675" lon="9.411776"><ele>1001.082</ele><time>2026-04-01T00:14:42.978107086Z</time></trkpt><trkpt lat="46.057582" lon="9.411811"><ele>998.038</ele><time>2026-04-01T00:15:02.978109320Z</time></trkpt><trkpt lat="46.057552" lon="9.411803"><ele>996.486</ele><time>2026-04-01T00:15:22.978111584Z</time></trkpt><trkpt lat="46.057453" lon="9.411916"><ele>995.242</ele><time>2026-04-01T00:15:42.978113879Z</time></trkpt><trkpt lat="46.057422" lon="9.411996"><ele>996.822</ele><time>2026-04-01T00:16:02.978116163Z</time></trkpt><trkpt lat="46.057281" lon="9.412120"><ele>995.414</ele><time>2026-04-01T00:16:22.978118407Z</time></trkpt><trkpt lat="46.057166" lon="9.412110"><ele>989.709</ele><time>2026-04-01T00:16:42.978120782Z</time></trkpt><trkpt lat="46.057073" lon="9.412201"><ele>986.085</ele><time>2026-04-01T00:17:02.978123036Z</time></trkpt><trkpt lat="46.057003" lon="9.412362"><ele>984.491</ele><time>2026-04-01T00:17:22.978125290Z</time></trkpt><trkpt lat="46.056979" lon="9.412333"><ele>982.632</ele><time>2026-04-01T00:17:42.978127584Z</time></trkpt><trkpt lat="46.056813" lon="9.412566"><ele>977.985</ele><time>2026-04-01T00:18:02.978129839Z</time></trkpt><trkpt lat="46.056773" lon="9.412642"><ele>977.625</ele><time>2026-04-01T00:18:22.978132113Z</time></trkpt><trkpt lat="46.056576" lon="9.412964"><ele>973.712</ele><time>2026-04-01T00:18:42.978134357Z</time></trkpt><trkpt lat="46.056428" lon="9.413071"><ele>969.338</ele><time>2026-04-01T00:19:02.978136621Z</time></trkpt><trkpt lat="46.056274" lon="9.413262"><ele>963.244</ele><time>2026-04-01T00:19:22.978139006Z</time></trkpt><trkpt lat="46.056186" lon="9.413326"><ele>957.822</ele><time>2026-04-01T00:19:42.978141300Z</time></trkpt><trkpt lat="46.056073" lon="9.413463"><ele>952.298</ele><time>2026-04-01T00:20:02.978143885Z</time></trkpt><trkpt lat="46.055879" lon="9.413977"><ele>950.115</ele><time>2026-04-01T00:20:22.978152972Z</time></trkpt><trkpt lat="46.055800" lon="9.414333"><ele>953.826</ele><time>2026-04-01T00:20:42.978155897Z</time></trkpt><trkpt lat="46.055770" lon="9.414499"><ele>955.609</ele><time>2026-04-01T00:21:02.978158141Z</time></trkpt><trkpt lat="46.055683" lon="9.414730"><ele>952.850</ele><time>2026-04-01T00:21:22.978160426Z</time></trkpt><trkpt lat="46.055624" lon="9.414873"><ele>952.266</ele><time>2026-04-01T00:21:42.978162640Z</time></trkpt><trkpt lat="46.055396" lon="9.414998"><ele>936.697</ele><time>2026-04-01T00:22:02.978164924Z</time></trkpt><trkpt lat="46.055180" lon="9.415288"><ele>930.710</ele><time>2026-04-01T00:22:22.978167238Z</time></trkpt><trkpt lat="46.055134" lon="9.415384"><ele>930.680</ele><time>2026-04-01T00:22:42.978169423Z</time></trkpt><trkpt lat="46.054851" lon="9.415816"><ele>928.617</ele><time>2026-04-01T00:23:02.978171687Z</time></trkpt><trkpt lat="46.054770" lon="9.415936"><ele>927.883</ele><time>2026-04-01T00:23:22.978173941Z</time></trkpt><trkpt lat="46.054711" lon="9.416135"><ele>929.139</ele><time>2026-04-01T00:23:42.978176175Z</time></trkpt><trkpt lat="46.054663" lon="9.416400"><ele>933.177</ele><time>2026-04-01T00:24:02.978178429Z</time></trkpt><trkpt lat="46.054620" lon="9.416631"><ele>935.493</ele><time>2026-04-01T00:24:22.978180804Z</time></trkpt><trkpt lat="46.054536" lon="9.416944"><ele>940.965</ele><time>2026-04-01T00:24:42.978183058Z</time></trkpt><trkpt lat="46.054437" lon="9.417126"><ele>937.021</ele><time>2026-04-01T00:25:02.978185362Z</time></trkpt><trkpt lat="46.054317" lon="9.417274"><ele>936.809</ele><time>2026-04-01T00:25:22.978187597Z</time></trkpt><trkpt lat="46.054146" lon="9.417547"><ele>937.350</ele><time>2026-04-01T00:25:42.978189881Z</time></trkpt><trkpt lat="46.054071" lon="9.417735"><ele>938.246</ele><time>2026-04-01T00:26:02.978192125Z</time></trkpt><trkpt lat="46.054008" lon="9.418046"><ele>941.967</ele><time>2026-04-01T00:26:22.978194349Z</time></trkpt><trkpt lat="46.053893" lon="9.418416"><ele>941.580</ele><time>2026-04-01T00:26:42.978196603Z</time></trkpt><trkpt lat="46.053766" lon="9.418759"><ele>945.470</ele><time>2026-04-01T00:27:02.978198798Z</time></trkpt><trkpt lat="46.053632" lon="9.419145"><ele>947.737</ele><time>2026-04-01T00:27:22.978201092Z</time></trkpt><trkpt lat="46.053493" lon="9.419557"><ele>950.283</ele><time>2026-04-01T00:27:42.978203286Z</time></trkpt><trkpt lat="46.053356" lon="9.419949"><ele>953.889</ele><time>2026-04-01T00:28:02.978205460Z</time></trkpt><trkpt lat="46.053226" lon="9.420308"><ele>956.087</ele><time>2026-04-01T00:28:22.978207704Z</time></trkpt><trkpt lat="46.053072" lon="9.420746"><ele>959.196</ele><time>2026-04-01T00:28:42.978209988Z</time></trkpt><trkpt lat="46.052992" lon="9.420899"><ele>958.831</ele><time>2026-04-01T00:29:02.978212243Z</time></trkpt></trkseg></trk></gpx>